3f62901b7668763beca48bbf31009506cebc0875,Marcus Christie,2019-03-11 17:01:23 -0400,,django_airavata/apps/api/views.py,3,1
31a17e4eb8b20ec27b77aefcde2a6eb9a3c42b35,Marcus Christie,2019-02-27 15:50:13 -0500,,django_airavata/settings.py;django_airavata/urls.py,21;8,0;0
33e4cd1c259ff9f8d5720c76cb5880d7c864f18b,Marcus Christie,2019-02-21 16:17:11 -0500,,django_airavata/apps/api/views.py,4,3
7249b918e9c0349ebe72dfd471662b7558f92e06,Marcus Christie,2019-02-21 14:44:36 -0500,,django_airavata/apps/api/exceptions.py,9,1
9d0deb61be08be40f6eca75df595fd0429bba070,Marcus Christie,2019-02-20 11:22:51 -0500,,django_airavata/apps/api/serializers.py;django_airavata/apps/api/urls.py;django_airavata/apps/api/views.py,0;2;9,4;3;7
6db19e65d11953a27b92dbaff9139fa61ce39ce3,Marcus Christie,2019-02-18 17:48:39 -0500,,django_airavata/apps/api/views.py,1,0
712cc27106305bd8a37952c9560e5656007e262c,Marcus Christie,2019-02-18 17:02:30 -0500,,django_airavata/apps/api/datastore.py,5,3
ba8f5a66b3eec3300ba937aa6a25df9dd0f079ab,Marcus Christie,2019-02-18 16:33:06 -0500,,django_airavata/apps/api/datastore.py;django_airavata/apps/api/views.py,6;74,0;0
24ee13e9ca975b1c4d21999c91d7e5e928cee5dc,Marcus Christie,2019-02-06 15:38:31 -0500,,django_airavata/apps/auth/urls.py;django_airavata/apps/auth/views.py,3;33,2;22
b3ed73d123bd9543f5a52ca8b160f1b83489f092,Marcus Christie,2019-02-06 14:43:53 -0500,,django_airavata/apps/auth/views.py,4,1
476768c628862608f51afb434f99668e3a46843d,Marcus Christie,2019-02-04 16:48:03 -0500,,django_airavata/apps/auth/urls.py;django_airavata/apps/auth/views.py,2;21,0;1
4b6f174f15b2f6857fd89dffa22ec8ef8e1f8552,Marcus Christie,2019-01-24 16:06:07 -0500,,django_airavata/apps/api/view_utils.py;django_airavata/apps/api/views.py,4;0,0;7
356e8d610cb8173df6e20b83eb2d945eca0674a5,Marcus Christie,2019-01-18 15:00:18 -0500,,django_airavata/apps/api/serializers.py;django_airavata/apps/dataparsers/views.py,1;0,1;6
22af3a00f96e0f31e77ddb660ff597fd37d84a65,Marcus Christie,2019-01-16 12:47:31 -0500,,django_airavata/apps/dataparsers/apps.py;django_airavata/settings.py,1;10,1;0
92252235d24d6d1c9e107221a23d51c4b913ef35,Marcus Christie,2019-01-16 10:12:51 -0500,,django_airavata/apps/dataparsers/views.py,7,2
feaae9396b850b4a7821447f9ab2d70aeb3091ab,Marcus Christie,2019-01-11 11:10:23 -0500,,django_airavata/apps/dataparsers/views.py;django_airavata/settings.py,2;16,1;4
82c40b4b41fa94b7f1f67881cc7c2ebadf87359e,Marcus Christie,2018-12-14 17:34:08 -0500,,django_airavata/apps/groups/urls.py;django_airavata/apps/groups/views.py;django_airavata/settings.py,0;9;12,3;154;0
9fe18d76646c913b6316d8f76e558fff8dba38ef,Marcus Christie,2018-12-12 15:27:06 -0500,,django_airavata/apps/workspace/views.py;django_airavata/settings.py,10;13,3;1
f9aeaa04f03a575082c48987505d2fd9451be990,Marcus Christie,2018-11-04 08:38:27 -0500,,django_airavata/settings.py,19,0
dabc08f52b938fb5c8f6e29d849fa3bc4a6811f7,Marcus Christie,2019-01-16 15:06:06 -0500,,django_airavata/apps/auth/iam_admin_client.py;django_airavata/apps/workspace/signals.py;django_airavata/middleware.py;django_airavata/settings.py;django_airavata/utils.py;setup.py,19;3;13;5;110;1,25;4;19;0;0;0
a079ca2e2a93df1e0fc0ef29838b15410e4d15e6,Dimuthu Wannipurage,2019-01-15 15:40:40 -0500,,django_airavata/apps/api/serializers.py;django_airavata/apps/dataparsers/urls.py;django_airavata/apps/dataparsers/views.py,1;4;5,3;3;0
e35d55eec8714cc10f41e4d40630e0217f13c50c,Marcus Christie,2019-01-11 16:34:11 -0500,,airavata/api/Airavata.py;airavata/service/profile/groupmanager/cpi/GroupManagerService.py;airavata/service/profile/iam/admin/services/cpi/IamAdminServices.py;airavata/service/profile/tenant/cpi/TenantProfileService.py;airavata/service/profile/user/cpi/UserProfileService.py,6;168;6;6;168,52;0;54;54;0
cb27a6b513fe1bc38370de8f36f9b6ddc08247eb,Dimuthu Wannipurage,2019-01-14 12:28:27 -0500,,django_airavata/apps/api/serializers.py;django_airavata/apps/api/views.py;django_airavata/apps/dataparsers/views.py;django_airavata/settings.py,6;5;8;1,1;1;1;1
20d33b122ef1966a0220c09977675b069d4426c7,Dimuthu Wannipurage,2019-01-08 16:46:34 -0500,,airavata/api/Airavata.py;airavata/model/appcatalog/parser/ttypes.py;airavata/model/status/ttypes.py,1416;30;3,237;2;0
8d04086a16bdeadca3f01ecde7fabf03b016c220,Marcus Christie,2019-01-04 11:35:08 -0500,,django_airavata/apps/auth/backends.py,1,1
de3d705a4268febc370c32a546a8666282da9e59,Marcus Christie,2018-12-13 15:30:57 -0500,,django_airavata/apps/api/views.py,0,1
cfc33747f98593fb3b237935045bff618ee11273,Marcus Christie,2018-12-13 14:49:08 -0500,,django_airavata/apps/api/datastore.py;django_airavata/apps/api/serializers.py;django_airavata/apps/api/urls.py;django_airavata/apps/api/views.py,14;23;3;32,0;1;0;9
9032fdb82b2b37285b23eeefb6cec2b2877cecfb,Marcus Christie,2018-12-11 12:30:00 -0500,,django_airavata/apps/api/serializers.py;django_airavata/apps/workspace/urls.py;django_airavata/apps/workspace/views.py,14;2;9,0;0;0
6f63fd2d72beb1ec1c4b3df53b25e5b93441dea1,Marcus Christie,2018-12-10 09:54:53 -0500,,django_airavata/settings.py,1,1
83a3c2e243d337bef823032faed4bdee7fb18263,Marcus Christie,2018-11-21 18:27:57 -0500,,django_airavata/apps/api/serializers.py;django_airavata/apps/api/urls.py;django_airavata/apps/api/views.py;django_airavata/apps/dataparsers/__init__.py;django_airavata/apps/dataparsers/admin.py;django_airavata/apps/dataparsers/apps.py;django_airavata/apps/dataparsers/migrations/__init__.py;django_airavata/apps/dataparsers/models.py;django_airavata/apps/dataparsers/tests.py;django_airavata/apps/dataparsers/urls.py;django_airavata/apps/dataparsers/views.py;django_airavata/settings.py;django_airavata/urls.py,5;1;21;0;2;15;0;1;2;11;11;1;1,0;0;0;0;0;0;0;0;0;0;0;0;0
5e0538ed0ecbf45fe0532ebd4eaab7779ed4cd56,Marcus Christie,2018-11-21 12:30:21 -0500,,django_airavata/apps/api/thrift_utils.py,3,1
16cd82145475888b57dc1db37113c3c258f2fd29,Marcus Christie,2018-11-21 11:31:14 -0500,,django_airavata/apps/workspace/signals.py,5,54
8ad7025cea26650fbc5908e7e583a0331de29dfc,Marcus Christie,2018-11-21 11:21:54 -0500,,airavata/api/Airavata.py;airavata/api/ttypes.py;airavata/model/appcatalog/parser/__init__.py;airavata/model/appcatalog/parser/constants.py;airavata/model/appcatalog/parser/ttypes.py;airavata/model/experiment/ttypes.py;airavata/model/group/ttypes.py;airavata/model/workflow/ttypes.py;airavata/service/profile/user/cpi/UserProfileService.py,4423;1;1;12;905;15;1;369;220,4975;1;0;0;0;1;1;571;0
460167575a44e2627b89039260be3329a06380af,Marcus Christie,2018-11-20 12:18:29 -0500,,django_airavata/apps/api/serializers.py;django_airavata/apps/api/views.py,6;3,3;1
20e04698adfe4c32b5c0cd08dd1c8ac3780fd945,Marcus Christie,2018-11-19 15:56:03 -0500,,django_airavata/apps/admin/views.py,4,1
523600110cf81f7cf1033c0380e5886439de3dca,Marcus Christie,2018-11-15 12:11:36 -0500,,django_airavata/apps/api/serializers.py;django_airavata/apps/api/urls.py;django_airavata/apps/api/views.py,17;5;52,0;0;0
aa81587174214d44079579ec8b43636e40fef563,Marcus Christie,2018-11-08 15:00:26 -0500,,django_airavata/apps/admin/urls.py;django_airavata/apps/admin/views.py;django_airavata/apps/api/serializers.py;django_airavata/apps/api/thrift_utils.py;django_airavata/apps/api/urls.py;django_airavata/apps/api/views.py,2;6;31;8;6;41,0;0;6;2;0;0
f39ed7fcd6b8c779cb7b35d0caf3a880d4c50f42,Marcus Christie,2018-11-07 11:11:11 -0500,,django_airavata/apps/api/serializers.py;django_airavata/apps/api/views.py,25;6,11;16
bae7376b4ec541e1c032efab4041eb696845dcf4,Marcus Christie,2018-11-07 10:30:08 -0500,,airavata/model/group/ttypes.py,23,3
0fd592a2d1adcb030e90fe8cd9c5fb0202650f5f,Marcus Christie,2018-11-02 15:13:50 -0400,,django_airavata/wagtailapps/base/blocks.py,0,1
ab73a8a2e357703731b8323dd13bbaf06edef4a0,Marcus Christie,2018-10-31 16:11:23 -0400,,django_airavata/apps/auth/forms.py,4,2
8733264ed623413c622bb25720c170e01472d037,Marcus Christie,2018-10-31 15:36:34 -0400,,django_airavata/apps/auth/admin.py,0,1
6b1dad0bd6f6df762bd97d9988c733715b04a1fd,Marcus Christie,2018-10-31 14:01:10 -0400,,django_airavata/wagtailapps/base/blocks.py,40,20
0e7737bc158d375b410f3a65ee69376f456d5081,Marcus Christie,2018-10-31 13:56:53 -0400,,django_airavata/wagtailapps/base/blocks.py,13,0
9b0b28ed80d49dbefc6c799f26a5d48ecde046ab,Marcus Christie,2018-10-31 13:48:01 -0400,,django_airavata/apps/auth/views.py,1,2
ab00e5389917f9f83307a93acc2fcbbe8b6f9965,Marcus Christie,2018-10-30 15:08:57 -0400,,django_airavata/apps/auth/admin.py;django_airavata/apps/auth/middleware.py;django_airavata/apps/auth/migrations/0002_emailtemplate.py;django_airavata/apps/auth/migrations/0003_default_email_templates.py;django_airavata/apps/auth/models.py;django_airavata/apps/auth/views.py;django_airavata/settings.py;django_airavata/urls.py;django_airavata/wagtailapps/base/templatetags/navigation_tags.py,5;4;25;57;22;49;1;2;3,1;1;0;0;0;16;0;0;1
810533914396eab695720fbf7c6520743cc47092,Marcus Christie,2018-10-29 09:54:12 -0400,,django_airavata/apps/auth/views.py,46,10
e1c22616d7ead16f5f45db10f8947038b2b1672c,Marcus Christie,2018-10-26 17:03:45 -0400,,airavata/service/profile/iam/admin/services/cpi/IamAdminServices.py;django_airavata/apps/auth/forms.py;django_airavata/apps/auth/iam_admin_client.py;django_airavata/apps/auth/urls.py;django_airavata/apps/auth/views.py;django_airavata/utils.py,467;10;12;2;58;9,0;0;0;0;20;1
21045f1b499d292ad8ed7ec4aaf8ad02b4c348ed,Marcus Christie,2018-10-26 14:24:08 -0400,,django_airavata/apps/auth/iam_admin_client.py;django_airavata/apps/auth/views.py,12;31,0;2
ad241243a718d5876f95c5f40910095eeedf9f64,Marcus Christie,2018-10-25 12:50:29 -0400,,django_airavata/apps/auth/iam_admin_client.py;django_airavata/apps/auth/migrations/0001_initial.py;django_airavata/apps/auth/models.py;django_airavata/apps/auth/urls.py;django_airavata/apps/auth/views.py;django_airavata/settings.py;django_airavata/wagtailapps/base/migrations/0019_auto_20181025_1522.py,4;27;10;2;37;3;49,0;0;1;0;9;0;0
e93b56ec495e38b041bb61eedd5e4f16745b692a,Marcus Christie,2018-10-24 11:20:17 -0400,,django_airavata/apps/auth/forms.py,23,5
a729e862feb7b5d936e51ae77502f50005ffc575,Marcus Christie,2018-10-24 10:54:11 -0400,,django_airavata/apps/auth/iam_admin_client.py;django_airavata/apps/auth/views.py,12;17,0;5
cacfb281dfd8ffc0331b2b71bc1ddd10d63b1609,Marcus Christie,2018-10-12 09:55:05 -0400,,django_airavata/apps/api/datastore.py;django_airavata/apps/api/thrift_utils.py;django_airavata/apps/api/views.py;django_airavata/apps/workspace/views.py;django_airavata/utils.py;django_airavata/wagtailapps/base/blocks.py;django_airavata/wagtailapps/base/models.py;django_airavata/wagtailapps/base/templatetags/navigation_tags.py;django_airavata/wagtailapps/base/wagtail_hooks.py,7;13;19;12;6;12;9;10;2,5;4;13;8;3;4;4;5;1
dfa08cde6eede35a98bc050c592f91a260c0bcae,Marcus Christie,2018-10-11 17:10:33 -0400,,django_airavata/apps/api/serializers.py,26,14
bdb9e4a5827e7c0f15a98deeb493352ef441874b,Marcus Christie,2018-10-11 16:52:24 -0400,,django_airavata/apps/api/serializers.py,8,0
5750d9be3b6a206383f85e2edafdc7db1d787e1c,Marcus Christie,2018-10-11 12:57:34 -0400,,django_airavata/apps/auth/forms.py;django_airavata/apps/auth/iam_admin_client.py;django_airavata/apps/auth/urls.py;django_airavata/apps/auth/utils.py;django_airavata/apps/auth/views.py,71;13;0;2;12,0;0;2;4;6
d1e77811c2aacae9c3ffdf0cf8595d37c41052ca,Marcus Christie,2018-10-11 12:04:26 -0400,,django_airavata/apps/auth/utils.py,27,0
3d63b72b5dc048149e239c49a5862e620a869c42,Marcus Christie,2018-10-11 11:37:52 -0400,,airavata/api/Airavata.py;airavata/service/profile/iam/admin/services/cpi/IamAdminServices.py,290;233,0;0
62493fa926d94dd960893876d8b7296477a0b1ae,Marcus Christie,2018-10-10 16:38:15 -0400,,django_airavata/context_processors.py,3,1
e4eaad6654c92c4fd4fd1e4dae7e42dc3442e960,Marcus Christie,2018-10-10 11:20:49 -0400,,django_airavata/wagtailapps/base/blocks.py,1,1
f46e8ff667c01ccc69a291f6c80b3b7220d7ca04,Marcus Christie,2018-10-10 10:57:40 -0400,,django_airavata/wagtailapps/base/blocks.py,4,11
70c9b8405d6c511d01dd46cf68d2478b57530608,Marcus Christie,2018-10-09 21:45:42 -0400,,django_airavata/apps/auth/views.py;django_airavata/settings.py;django_airavata/wagtailapps/base/blocks.py;django_airavata/wagtailapps/base/migrations/0018_auto_20181010_0136.py;django_airavata/wagtailapps/base/models.py;django_airavata/wagtailapps/base/templatetags/navigation_tags.py,2;1;69;80;9;3,2;1;0;0;79;1
6a7c9049f979992fcc0fa35fb23762b06090891b,Marcus Christie,2018-09-29 11:42:07 -0400,,django_airavata/apps/api/exceptions.py;django_airavata/apps/api/urls.py;django_airavata/apps/api/view_utils.py;django_airavata/apps/auth/utils.py;django_airavata/wagtailapps/base/management/commands/load_cybergateway_data.py;django_airavata/wagtailapps/base/management/commands/load_default_gateway.py;django_airavata/wagtailapps/base/management/commands/load_hpcgateway_data.py;django_airavata/wagtailapps/base/management/commands/load_nanoconfinement_data.py;django_airavata/wagtailapps/base/management/commands/load_osu_data.py;django_airavata/wagtailapps/base/management/commands/load_phasta_data.py;django_airavata/wagtailapps/base/management/commands/load_seagrid_data.py;django_airavata/wagtailapps/base/management/commands/load_searching_sra_data.py;django_airavata/wagtailapps/base/management/commands/load_simccs_data.py;django_airavata/wagtailapps/base/management/commands/load_simvascular_data.py;django_airavata/wagtailapps/base/management/commands/load_siu_data.py;django_airavata/wagtailapps/base/management/commands/load_south_dakota_data.py;django_airavata/wagtailapps/base/models.py;django_airavata/wagtailapps/base/templatetags/navigation_tags.py;django_airavata/wagtailapps/base/wagtail_hooks.py;setup.py,0;2;3;2;2;2;2;2;2;2;2;2;2;2;2;2;4;5;2;1,1;2;2;2;3;3;3;3;3;3;3;3;3;3;3;3;4;17;1;0
74092591d9ce8d4b5538e6fc32626484ab4e17dc,Marcus Christie,2018-10-04 15:46:30 -0400,,setup.py,3,3
cb3aedbe9f99893f29ed70907b02b270c328b4fc,Marcus Christie,2018-10-03 15:53:10 -0400,,django_airavata/apps/auth/urls.py;django_airavata/apps/auth/views.py,6;14,2;2
cddacba9e9c220a264eb1b8a7774dc7796e1e446,Marcus Christie,2018-10-03 11:23:13 -0400,,django_airavata/apps/workspace/signals.py,26,26
bb16f496e1644fe64d87ded1e9b461abaeb197ac,Marcus Christie,2018-10-01 17:08:43 -0400,,django_airavata/apps/api/views.py,10,8
46e8276e37b132c2a44f755e3991d2c83a9ee7db,Marcus Christie,2018-10-01 16:35:07 -0400,,django_airavata/apps/api/serializers.py;django_airavata/apps/api/views.py,38;8,59;3
285bc85292f8c7c836309dbc63ad44a9ef876672,Marcus Christie,2018-10-01 12:20:09 -0400,,airavata/model/appcatalog/groupresourceprofile/ttypes.py,15,1
b5a70006448da53973c93e09a61ce7caccb46198,Marcus Christie,2018-09-28 19:28:20 -0400,,django_airavata/apps/admin/admin.py;django_airavata/apps/admin/apps.py;django_airavata/apps/admin/models.py;django_airavata/apps/admin/tests.py;django_airavata/apps/api/admin.py;django_airavata/apps/api/datastore.py;django_airavata/apps/api/exceptions.py;django_airavata/apps/api/models.py;django_airavata/apps/api/serializers.py;django_airavata/apps/api/tests.py;django_airavata/apps/api/thrift_utils.py;django_airavata/apps/api/view_utils.py;django_airavata/apps/api/views.py;django_airavata/apps/auth/admin.py;django_airavata/apps/auth/backends.py;django_airavata/apps/auth/models.py;django_airavata/apps/auth/tests.py;django_airavata/apps/auth/urls.py;django_airavata/apps/auth/views.py;django_airavata/apps/groups/admin.py;django_airavata/apps/groups/forms.py;django_airavata/apps/groups/models.py;django_airavata/apps/groups/tests.py;django_airavata/apps/groups/views.py;django_airavata/apps/workspace/admin.py;django_airavata/apps/workspace/models.py;django_airavata/apps/workspace/signals.py;django_airavata/apps/workspace/tests.py;django_airavata/apps/workspace/views.py;django_airavata/context_processors.py;django_airavata/middleware.py;django_airavata/settings.py;django_airavata/urls.py;django_airavata/views.py;django_airavata/wagtailapps/base/blocks.py;django_airavata/wagtailapps/base/image_formats.py;django_airavata/wagtailapps/base/management/commands/load_cybergateway_data.py;django_airavata/wagtailapps/base/management/commands/load_default_gateway.py;django_airavata/wagtailapps/base/management/commands/load_hpcgateway_data.py;django_airavata/wagtailapps/base/management/commands/load_nanoconfinement_data.py;django_airavata/wagtailapps/base/management/commands/load_osu_data.py;django_airavata/wagtailapps/base/management/commands/load_phasta_data.py;django_airavata/wagtailapps/base/management/commands/load_seagrid_data.py;django_airavata/wagtailapps/base/management/commands/load_searching_sra_data.py;django_airavata/wagtailapps/base/management/commands/load_simccs_data.py;django_airavata/wagtailapps/base/management/commands/load_simvascular_data.py;django_airavata/wagtailapps/base/management/commands/load_siu_data.py;django_airavata/wagtailapps/base/management/commands/load_south_dakota_data.py;django_airavata/wagtailapps/base/models.py;django_airavata/wagtailapps/base/templatetags/navigation_tags.py;django_airavata/wagtailapps/base/wagtail_hooks.py;manage.py,0;0;0;0;0;2;1;0;87;0;4;3;166;0;1;0;0;1;2;0;13;0;0;66;0;0;2;0;4;2;5;2;3;1;139;9;4;4;4;4;4;4;4;4;4;4;4;4;202;6;9;1,1;1;1;1;1;1;3;1;35;1;2;2;99;1;4;1;1;1;2;1;6;1;1;31;1;1;2;1;7;1;4;2;6;5;51;3;2;2;2;2;2;2;2;2;2;2;2;2;138;0;4;1
53b9d0acb713cc15910a3a1481a95e09449f871c,Marcus Christie,2018-09-28 19:20:58 -0400,,setup.py,48,0
20134ca415d30bbf45334d526adc9f8227031a34,Marcus Christie,2018-09-26 19:37:48 -0400,,django_airavata/apps/api/views.py,5,6
750104d1cafd308f1ba0ee6e5a68928e608b7ac7,Marcus Christie,2018-09-26 19:26:42 -0400,,airavata/api/Airavata.py;airavata/model/credential/store/ttypes.py,20;2,93;1
416dd7c0e91c72edf5fc89019275c69867f31852,Marcus Christie,2018-09-25 19:27:26 -0400,,django_airavata/apps/api/views.py,16,13
77ab5c229722a2f986c0b0252721aead411d2032,Marcus Christie,2018-09-24 15:23:56 -0400,,django_airavata/apps/admin/urls.py;django_airavata/apps/admin/views.py;django_airavata/apps/api/serializers.py;django_airavata/apps/api/urls.py;django_airavata/apps/api/views.py,3;1;7;32;58,2;1;0;31;157
662666241c285c75a177e5096cf1ea30b774a73a,Marcus Christie,2018-09-24 13:00:52 -0400,,airavata/api/Airavata.py;airavata/model/credential/store/ttypes.py;airavata/model/group/ttypes.py;airavata/model/sharing/ttypes.py;airavata/model/workflow/ttypes.py,1048;1;6;23;1095,2059;28;3;1;283
f8d5c01c1f2e6ac00dbc6b133cac48bd01aab11d,Marcus Christie,2018-09-24 11:34:02 -0400,,django_airavata/apps/api/exceptions.py;django_airavata/apps/api/serializers.py,0;3,5;1
358a0fbf549711a13ef1842c7c824c5c02890cc8,Marcus Christie,2018-09-19 21:05:54 -0400,,django_airavata/apps/api/views.py,7,2
24849f9bb64d2b58d4f0a7ab6cee76635eb7f84e,Marcus Christie,2018-09-17 17:20:27 -0400,,django_airavata/apps/api/serializers.py;django_airavata/apps/api/views.py,2;8,1;0
37a98f884c606582f3d21072c10c7e38aad10ff4,Marcus Christie,2018-09-17 12:03:17 -0400,,django_airavata/apps/api/serializers.py;django_airavata/apps/api/views.py,12;25,8;0
b91e3489d931ba58cdeb9d78259df47a8b622edc,Marcus Christie,2018-09-14 15:37:58 -0400,,django_airavata/apps/api/serializers.py,10,0
f7b2ec1c989f6d0d88ea59f35fc9336dab2dd35e,Marcus Christie,2018-09-11 13:22:24 -0400,,django_airavata/apps/api/views.py,8,0
0ae6ff1078a2e8870e2d450ae5d32729064cd88b,Marcus Christie,2018-09-11 13:11:36 -0400,,django_airavata/apps/api/serializers.py,53,80
6b70bc344b6646f52d4fc03441921de183c87131,Marcus Christie,2018-09-11 09:51:46 -0400,,django_airavata/apps/api/views.py,4,0
ff4151f413a8d72923962accae651ca025561b01,Marcus Christie,2018-09-07 15:59:23 -0400,,django_airavata/apps/api/serializers.py;django_airavata/apps/api/views.py,16;17,23;4
49492826379b0b0f8e482ad13878ef0933f958ad,Marcus Christie,2018-09-07 12:47:58 -0400,,django_airavata/apps/api/serializers.py,20,4
183bc6cfa5925b8216309a35d970847e02f8b258,Marcus Christie,2018-09-06 11:24:32 -0400,,django_airavata/apps/api/serializers.py,6,5
eaccc4a0f0ff4195a896ac9c48daca369b88a6b4,Marcus Christie,2018-09-04 13:22:19 -0400,,django_airavata/apps/api/serializers.py,16,0
b7cabc2b6dea2a5f8c2604f88bca60d86c0b8972,Marcus Christie,2018-08-30 11:34:20 -0400,,django_airavata/apps/api/exceptions.py;django_airavata/apps/api/serializers.py;django_airavata/apps/api/views.py,8;6;8,1;22;6
0f6714cd16ebc93a04acaa1b331c2e4fca77bf68,Marcus Christie,2018-08-29 17:08:23 -0400,,django_airavata/apps/api/serializers.py,3,0
571efed9a78a387e79dcb8cec30dfbf16df82452,Marcus Christie,2018-08-29 16:59:52 -0400,,django_airavata/apps/api/serializers.py,3,7
ab00f5b97177dba0ab4229567ec80795a66adc9b,Marcus Christie,2018-08-27 20:24:47 -0400,,django_airavata/apps/admin/urls.py;django_airavata/apps/admin/views.py,3;12,3;6
ceb0b5bcaad38ff50fc5c1b18ad21b65d2b32217,Marcus Christie,2018-08-17 14:34:15 -0400,,django_airavata/apps/api/exceptions.py,5,2
7545f270dd311b80a3d8ac8b1439e0b95054e4fa,Marcus Christie,2018-08-17 14:29:16 -0400,,django_airavata/apps/api/exceptions.py;django_airavata/apps/api/serializers.py;django_airavata/apps/api/thrift_utils.py;django_airavata/apps/api/views.py;django_airavata/settings.py,30;11;6;1;2,0;1;2;3;0
6d6d0ac0a98e5dce7f161a599ef01a7380158d4f,Marcus Christie,2018-08-15 15:31:19 -0400,,django_airavata/apps/api/serializers.py;django_airavata/apps/api/thrift_utils.py;django_airavata/apps/api/urls.py;django_airavata/apps/api/views.py,11;25;2;10,5;2;0;0
cb1e52560c09dba8d2ec5afc2b3f3c2ed1877431,Marcus Christie,2018-08-14 14:37:25 -0400,,django_airavata/apps/api/views.py,4,0
20892765c7257c464492ad0b838ddb5c61cdcbf4,Marcus Christie,2018-08-14 12:34:46 -0400,,django_airavata/apps/api/serializers.py;django_airavata/apps/api/views.py,24;11,3;1
b57d9da95db8f947660f200f99ddf18873cab9cf,Marcus Christie,2018-08-13 13:05:13 -0400,,django_airavata/apps/api/serializers.py;django_airavata/apps/api/views.py,16;9,0;1
5d338393d84c25004882424f37ba8843150f68e6,Marcus Christie,2018-08-10 10:39:20 -0400,,django_airavata/apps/auth/backends.py;django_airavata/apps/auth/views.py,2;6,3;3
d119f53e8cb9ff070ef8d4d63cd2ee850ad69c59,Marcus Christie,2018-08-08 10:51:45 -0400,,django_airavata/apps/api/serializers.py,7,0
b2228bd512cc276617115a918d83539842e405c7,Marcus Christie,2018-08-02 13:11:07 -0400,,manage.py,0,0
c2fbef8616c00140413c9385f24323451bcf91c7,Marcus Christie,2018-07-21 16:04:56 -0400,,django_airavata/apps/auth/urls.py;django_airavata/apps/auth/views.py;django_airavata/settings.py,1;12;15,1;2;2
da5a2f3b4e181e288c9622c9fe7e43fa273a8298,Marcus Christie,2018-07-20 16:47:28 -0400,,django_airavata/apps/auth/urls.py;django_airavata/apps/auth/views.py,1;31,0;21
058a598d87932b663585dd5365f00ca3378b1a2f,Marcus Christie,2018-07-20 15:15:48 -0400,,django_airavata/apps/auth/backends.py;django_airavata/apps/workspace/signals.py,12;35,2;2
a95f7a652aa0f24cebf6284f979e814390a56bed,Marcus Christie,2018-07-20 14:05:19 -0400,,django_airavata/apps/workspace/signals.py;django_airavata/middleware.py;django_airavata/utils.py,5;6;37,4;6;37
3dea7d81a53cc4d1c1dadedeaa41b82b2c3c3111,Marcus Christie,2018-07-20 13:59:46 -0400,,django_airavata/apps/workspace/apps.py;django_airavata/apps/workspace/signals.py,3;35,0;0
ee16f0b1ce11268de83ace5a468e3bd95b8d80df,Marcus Christie,2018-07-20 13:42:02 -0400,,django_airavata/middleware.py;django_airavata/utils.py,30;175,144;0
b9e4c4ada011df477a5a820d2ed7fdaabf00910f,Marcus Christie,2018-07-19 11:56:59 -0400,,django_airavata/wagtailapps/base/migrations/0017_gatewayicon_gatewaytitle.py;django_airavata/wagtailapps/base/models.py;django_airavata/wagtailapps/base/templatetags/navigation_tags.py,38;54;20,0;0;0
9aa0d7410f2bc8bd11d77653ce6966fc3f8d252d,Marcus Christie,2018-07-19 10:09:58 -0400,,django_airavata/apps/auth/middleware.py,5,0
e9ec339add99cf20106f2ad49b6f7bb1a7b1e1ff,Marcus Christie,2018-07-18 15:11:50 -0400,,django_airavata/wagtailapps/base/wagtail_hooks.py,1,1
be4464181985387f7ab58cbac605b50d6a813887,Marcus Christie,2018-07-18 14:18:33 -0400,,django_airavata/wagtailapps/base/blocks.py,0,1
ecbbc48e2e5420f57a4426c62aaece151421239f,Marcus Christie,2018-07-18 10:30:56 -0400,,django_airavata/settings.py;django_airavata/urls.py,0;0,0;0
8aa7ea164723ac73689a14f80ccdbf4b159e2180,Marcus Christie,2018-07-18 10:11:34 -0400,,django_airavata/wagtailapps/__init__.py;django_airavata/wagtailapps/base/__init__.py;django_airavata/wagtailapps/base/apps.py;django_airavata/wagtailapps/base/blocks.py;django_airavata/wagtailapps/base/image_formats.py;django_airavata/wagtailapps/base/management/__init__.py;django_airavata/wagtailapps/base/management/commands/__init__.py;django_airavata/wagtailapps/base/management/commands/load_seagrid_data.py;django_airavata/wagtailapps/base/migrations/0001_initial.py;django_airavata/wagtailapps/base/migrations/__init__.py;django_airavata/wagtailapps/base/models.py;django_airavata/wagtailapps/base/templatetags/navigation_tags.py;django_airavata/wagtailapps/base/wagtail_hooks.py,0;0;0;0;0;0;0;0;0;0;0;0;0,0;0;0;0;0;0;0;0;0;0;0;0;0
796a71554707cd7b462d820d464710f68ef42d95,Marcus Christie,2018-07-18 09:54:55 -0400,,django_airavata/__init__.py;django_airavata/app_config.py;django_airavata/apps/__init__.py;django_airavata/apps/admin/__init__.py;django_airavata/apps/admin/admin.py;django_airavata/apps/admin/apps.py;django_airavata/apps/admin/migrations/__init__.py;django_airavata/apps/admin/models.py;django_airavata/apps/admin/tests.py;django_airavata/apps/admin/urls.py;django_airavata/apps/admin/views.py;django_airavata/apps/api/__init__.py;django_airavata/apps/api/admin.py;django_airavata/apps/api/apps.py;django_airavata/apps/api/datastore.py;django_airavata/apps/api/migrations/__init__.py;django_airavata/apps/api/models.py;django_airavata/apps/api/serializers.py;django_airavata/apps/api/tests.py;django_airavata/apps/api/thrift_utils.py;django_airavata/apps/api/urls.py;django_airavata/apps/api/views.py;django_airavata/apps/auth/__init__.py;django_airavata/apps/auth/admin.py;django_airavata/apps/auth/apps.py;django_airavata/apps/auth/backends.py;django_airavata/apps/auth/middleware.py;django_airavata/apps/auth/migrations/__init__.py;django_airavata/apps/auth/models.py;django_airavata/apps/auth/tests.py;django_airavata/apps/auth/urls.py;django_airavata/apps/auth/utils.py;django_airavata/apps/auth/views.py;django_airavata/apps/workspace/__init__.py;django_airavata/apps/workspace/admin.py;django_airavata/apps/workspace/apps.py;django_airavata/apps/workspace/migrations/__init__.py;django_airavata/apps/workspace/models.py;django_airavata/apps/workspace/tests.py;django_airavata/apps/workspace/urls.py;django_airavata/apps/workspace/views.py;django_airavata/context_processors.py;django_airavata/middleware.py;django_airavata/views.py;django_airavata/wsgi.py,0;0;0;0;0;0;0;0;0;0;0;0;0;0;0;0;0;0;0;0;0;0;0;0;0;0;0;0;0;0;0;0;0;0;0;0;0;0;0;0;0;0;0;0;0,0;0;0;0;0;0;0;0;0;0;0;0;0;0;0;0;0;0;0;0;0;0;0;0;0;0;0;0;0;0;0;0;0;0;0;0;0;0;0;0;0;0;0;0;0
240c7d31750a60e8ffc04b2334d5f7f68ce5e17e,Marcus Christie,2018-07-17 18:30:09 -0400,,django_airavata/apps/api/views.py,1,0
a9407ead8ed7fdb4145547439c710a8217c8d078,Marcus Christie,2018-07-17 17:08:16 -0400,,django_airavata/apps/api/serializers.py,1,1
74e381638fc3a86dd506c3dc311b3b0ac665af92,Marcus Christie,2018-07-16 18:55:44 -0400,,django_airavata/apps/api/views.py,1,1
ef7e479d70858a870bc7f75481aa40f5090f6788,Marcus Christie,2018-07-16 18:55:18 -0400,,airavata/api/Airavata.py,6,27
2c5533c43bf27329e346b54bd568aa4434fd82b8,Marcus Christie,2018-07-16 18:28:29 -0400,,django_airavata/apps/api/serializers.py;django_airavata/apps/api/urls.py;django_airavata/apps/api/views.py,5;2;36,7;5;46
698e2b25acea539ff923b3ff0161af53e498160b,Marcus Christie,2018-07-16 11:59:11 -0400,,airavata/api/Airavata.py,529,210
1622a22addf3c41f4d21fbd2d7e9c9a748b534e5,Marcus Christie,2018-07-12 12:27:34 -0400,,django_airavata/apps/api/serializers.py,13,1
4e1569ec18d8535e80586322520b4b7d43e33374,Marcus Christie,2018-07-11 16:52:55 -0400,,django_airavata/apps/api/serializers.py;django_airavata/apps/api/views.py,22;17,20;17
75a6925a84bafdd95e59ca48e724b15f6b58e5ba,Marcus Christie,2018-07-11 12:28:59 -0400,,django_airavata/apps/api/view_utils.py,6,0
bee6eb71f0a31bdfe72269aa6f8fa6bb30fc042d,Marcus Christie,2018-07-09 16:50:28 -0400,,django_airavata/apps/api/serializers.py;django_airavata/apps/api/views.py,6;2,6;2
7b8b34358b72d2a49131d6202d8493841cc15d7c,Marcus Christie,2018-07-03 17:58:12 -0400,,django_airavata/apps/api/serializers.py;django_airavata/apps/api/urls.py;django_airavata/apps/api/views.py,104;2;115,1;0;0
d0fab5d8a4d02befdc406b87004321820b24faf2,Marcus Christie,2018-06-20 11:51:09 -0400,,airavata/api/Airavata.py;airavata/service/profile/iam/admin/services/cpi/IamAdminServices.py,358;233,143;0
9fbcb727f6c48c8d8a24e53f797e55e5b92acdbd,Marcus Christie,2018-06-08 15:58:55 -0400,,django_airavata/apps/api/serializers.py;django_airavata/apps/api/views.py,3;1,1;0
f1fa76e69f3b6a3853455dae0990ea3cf7f021fb,Marcus Christie,2018-06-07 10:45:45 -0400,,airavata/api/Airavata.py;airavata/model/appcatalog/userresourceprofile/ttypes.py,621;1,27;16
1123793556b982c9bfa309f82145c06c620f04d5,eldhomathulla,2018-06-05 12:00:20 -0400,,django_airavata/apps/api/urls.py;django_airavata/apps/api/views.py,0;7,3;36
0a007bdec72b1ed7cec085aef65e5cabe46348d8,eldhomathulla,2018-06-04 15:36:51 -0400,,django_airavata/apps/api/serializers.py;django_airavata/apps/api/thrift_utils.py;django_airavata/apps/api/urls.py;django_airavata/apps/api/views.py,8;2;2;59,0;2;1;33
ad977a5735bcc01adcee450073405aac9365f670,Marcus Christie,2018-06-04 14:14:28 -0400,,airavata/api/sharing/SharingRegistryService.py;airavata/model/group/ttypes.py;airavata/model/status/ttypes.py,72;0;52,72;3;4
b82da7c30e02a546b6f0dae9e6ff02f848bbbde7,Marcus Christie,2018-05-22 17:40:40 -0400,,django_airavata/apps/api/serializers.py,24,0
f98c93e4a05ead483ab0bd0f6e22d99dc8df101a,Marcus Christie,2018-05-22 16:27:34 -0400,,django_airavata/apps/auth/middleware.py;django_airavata/settings.py,42;3,0;0
1f74c9e346d7c6bc62952437be1e43e8dfca2e1a,Marcus Christie,2018-05-21 16:55:37 -0400,,airavata/api/Airavata.py;airavata/api/ttypes.py;airavata/model/appcatalog/gatewaygroups/__init__.py;airavata/model/appcatalog/gatewaygroups/constants.py;airavata/model/appcatalog/gatewaygroups/ttypes.py;airavata/model/ttypes.py,5347;1;1;12;117;1,4468;0;0;0;0;0
77201bb85863ade24034e120afad665784c119b7,Marcus Christie,2018-05-04 16:15:11 -0400,,airavata/model/appcatalog/groupresourceprofile/ttypes.py,8,8
6af17ffab71324eb09f99880814f26ada2bdcf0f,Marcus Christie,2018-05-04 16:07:19 -0400,,airavata/model/appcatalog/groupresourceprofile/ttypes.py,7,7
f4b3a3f3d675200f7a4d504ec112e6d39cff1bdf,eldhomathulla,2018-05-02 16:10:57 -0400,,django_airavata/settings.py,1,1
9af6975ea4a17d6fabb69b192a68f6be394dd86c,eldhomathulla,2018-05-02 16:06:03 -0400,,django_airavata/apps/api/serializers.py;django_airavata/apps/api/thrift_utils.py;django_airavata/apps/api/urls.py;django_airavata/apps/api/views.py,2;42;2;45,2;10;0;167
42c22824ff9fb729f2913922a47b2399645005c8,eldhomathulla,2018-05-02 16:04:14 -0400,,django_airavata/apps/api/view_utils.py,168,0
c5f8787c144da49b606f3d1c1953a66b48f8f641,Marcus Christie,2018-05-02 15:03:04 -0400,,airavata/api/Airavata.py;airavata/model/appcatalog/groupresourceprofile/ttypes.py;airavata/model/appcatalog/storageresource/ttypes.py;airavata/model/data/movement/ttypes.py,19;3;25;37,6;2;1;1
b7ebf164be310ee6d97fad6fec868cbec3298e7f,stephenpaul2727,2018-04-27 13:57:42 -0400,,django_airavata/wagtailapps/base/migrations/0014_homepage_show_footer.py;django_airavata/wagtailapps/base/migrations/0015_cybergatewayhomepage_show_announcements.py;django_airavata/wagtailapps/base/migrations/0016_auto_20180427_1755.py;django_airavata/wagtailapps/base/models.py,20;20;24;13,0;0;0;3
632ef1e10af87f642fcd462a974ecf87dfadca04,Marcus Christie,2018-04-25 10:01:47 -0400,,django_airavata/apps/api/serializers.py;django_airavata/apps/api/views.py,16;2,1;2
0b9bc682aff42a085e7a86db6bec4ed3997d99c5,eldhomathulla,2018-04-24 13:28:11 -0400,,django_airavata/apps/api/views.py,1,1
0f89c5d515f9ed4a9ca96d284a2327b835163971,Marcus Christie,2018-04-19 21:47:37 -0400,,django_airavata/apps/api/views.py,1,1
0ad3bd139a6de602eeb685c66ccb9658ad86f6f3,Marcus Christie,2018-04-19 16:45:12 -0400,,django_airavata/apps/admin/urls.py;django_airavata/apps/admin/views.py,1;5,0;0
dda313f6aa99ac99f43e1055710b4978764e5cd7,eldhomathulla,2018-04-19 15:47:56 -0400,,django_airavata/apps/api/views.py,2,2
2d31a04e01117a4326b1cf85ac343c3d3447133f,stephenpaul2727,2018-04-18 17:14:20 -0400,,django_airavata/wagtailapps/base/management/commands/load_default_gateway.py,24,0
aea275e859057c816dcfef9d5078d3bf0918fa69,eldhomathulla,2018-04-18 13:50:23 -0400,,django_airavata/apps/api/views.py,7,1
c7039ba5759abc6d7de8ccbbf61dab42aab7907d,stephenpaul2727,2018-04-17 16:47:26 -0400,,django_airavata/wagtailapps/base/blocks.py;django_airavata/wagtailapps/base/management/commands/load_nanoconfinement_data.py;django_airavata/wagtailapps/base/migrations/0013_auto_20180417_2034.py,15;24;49,1;0;0
06b3a78f7220dcfd02e28e65ffd10c17bde9965d,stephenpaul2727,2018-04-14 22:20:34 -0400,,django_airavata/wagtailapps/base/blocks.py;django_airavata/wagtailapps/base/management/commands/load_cybergateway_data.py;django_airavata/wagtailapps/base/migrations/0005_cybergatewayhomepage_rowcybergatewayhomepagerelation.py;django_airavata/wagtailapps/base/migrations/0006_auto_20180415_0040.py;django_airavata/wagtailapps/base/migrations/0007_auto_20180415_0045.py;django_airavata/wagtailapps/base/migrations/0008_cybergatewayhomepage_contact.py;django_airavata/wagtailapps/base/migrations/0009_auto_20180415_0141.py;django_airavata/wagtailapps/base/migrations/0010_auto_20180415_0142.py;django_airavata/wagtailapps/base/migrations/0011_auto_20180415_0143.py;django_airavata/wagtailapps/base/migrations/0012_auto_20180415_0149.py;django_airavata/wagtailapps/base/models.py,0;24;59;44;44;24;39;30;30;35;148,1;0;0;0;0;0;0;0;0;0;3
025c766584610aa1ab56afc26cfb7675ebdbde21,stephenpaul2727,2018-04-14 15:11:15 -0400,,django_airavata/wagtailapps/base/blocks.py;django_airavata/wagtailapps/base/management/commands/load_simccs_data.py;django_airavata/wagtailapps/base/migrations/0003_navextra_nav_logo_link.py;django_airavata/wagtailapps/base/migrations/0004_auto_20180414_1852.py;django_airavata/wagtailapps/base/models.py,1;24;20;34;2,1;0;0;0;0
00244ee23e7ed26dab5bc0778010700ef157c40f,stephenpaul2727,2018-04-13 16:20:34 -0400,,django_airavata/wagtailapps/base/management/commands/load_phasta_data.py,24,0
ac9ecc2fab9bba084c97f17f5d02ef487d92226f,stephenpaul2727,2018-04-13 12:59:59 -0400,,django_airavata/wagtailapps/base/wagtail_hooks.py,3,4
6361083155edb3663d0ca64c372ef37c71bf87ab,stephenpaul2727,2018-04-13 12:27:58 -0400,,django_airavata/wagtailapps/base/wagtail_hooks.py,15,19
a29b2b6eb609db2fecd03a972a0c8f246c67be69,Marcus Christie,2018-04-12 17:15:15 -0400,,django_airavata/apps/auth/views.py,7,4
c2c5163b8e7d9acbac893351feb098751f53ed20,stephenpaul2727,2018-04-12 16:42:39 -0400,,django_airavata/wagtailapps/base/management/commands/load_osu_data.py,24,0
d8796248416a600c0ad575f6431f9e66691737ef,stephenpaul2727,2018-04-12 15:02:16 -0400,,django_airavata/wagtailapps/base/management/commands/load_siu_data.py,24,0
797c8342ffe2f9ee2e720ba119eb9209261e5521,stephenpaul2727,2018-04-12 13:10:29 -0400,,django_airavata/wagtailapps/base/management/commands/load_hpcgateway_data.py,24,0
b70d31e5fffa17d87e7f62d6801ff223f12cfdf2,stephenpaul2727,2018-04-10 18:52:28 -0400,,django_airavata/wagtailapps/base/blocks.py;django_airavata/wagtailapps/base/migrations/0001_initial.py;django_airavata/wagtailapps/base/migrations/0002_auto_20180410_2236.py;django_airavata/wagtailapps/base/models.py,14;106;34;49,0;11;0;168
b679c3201e21b265bde5d409312ebe921b0c57a5,stephenpaul2727,2018-04-06 12:57:58 -0400,,django_airavata/wagtailapps/base/management/commands/load_south_dakota_data.py,24,0
8cd3992ddb8ad0808ad840ca07bb18e95a679c03,stephenpaul2727,2018-04-05 20:10:43 -0400,,django_airavata/wagtailapps/base/blocks.py;django_airavata/wagtailapps/base/management/commands/load_searching_sra_data.py,2;24,2;0
fa126f5b98cb8fedd80eb9f3b16776872dad7f56,eldhomathulla,2018-04-05 04:13:26 -0400,,django_airavata/apps/api/views.py,0,1
7c994ee05943cace56c4f446c7974966a8d779e9,stephenpaul2727,2018-04-04 22:47:10 -0400,,django_airavata/wagtailapps/base/management/commands/load_simvascular_data.py,24,0
e76d6c22005644281b26b3602f5d44b4c8b6a5ca,stephenpaul2727,2018-04-04 22:37:16 -0400,,django_airavata/wagtailapps/base/blocks.py;django_airavata/wagtailapps/base/models.py;django_airavata/wagtailapps/base/templatetags/navigation_tags.py,66;58;13,1;29;1
eb9b8b7734c1e01f594f874d9519e699be701dbf,stephenpaul2727,2018-04-03 23:46:08 -0400,,django_airavata/__init__.py;django_airavata/app_config.py;django_airavata/apps/__init__.py;django_airavata/apps/admin/__init__.py;django_airavata/apps/admin/admin.py;django_airavata/apps/admin/apps.py;django_airavata/apps/admin/migrations/__init__.py;django_airavata/apps/admin/models.py;django_airavata/apps/admin/tests.py;django_airavata/apps/admin/urls.py;django_airavata/apps/admin/views.py;django_airavata/apps/api/__init__.py;django_airavata/apps/api/admin.py;django_airavata/apps/api/apps.py;django_airavata/apps/api/datastore.py;django_airavata/apps/api/migrations/__init__.py;django_airavata/apps/api/models.py;django_airavata/apps/api/serializers.py;django_airavata/apps/api/tests.py;django_airavata/apps/api/thrift_utils.py;django_airavata/apps/api/urls.py;django_airavata/apps/api/views.py;django_airavata/apps/auth/__init__.py;django_airavata/apps/auth/admin.py;django_airavata/apps/auth/apps.py;django_airavata/apps/auth/backends.py;django_airavata/apps/auth/middleware.py;django_airavata/apps/auth/migrations/__init__.py;django_airavata/apps/auth/models.py;django_airavata/apps/auth/tests.py;django_airavata/apps/auth/urls.py;django_airavata/apps/auth/utils.py;django_airavata/apps/auth/views.py;django_airavata/apps/workspace/__init__.py;django_airavata/apps/workspace/admin.py;django_airavata/apps/workspace/apps.py;django_airavata/apps/workspace/migrations/__init__.py;django_airavata/apps/workspace/models.py;django_airavata/apps/workspace/tests.py;django_airavata/apps/workspace/urls.py;django_airavata/apps/workspace/views.py;django_airavata/context_processors.py;django_airavata/middleware.py;django_airavata/views.py;django_airavata/wagtailapps/base/blocks.py;django_airavata/wagtailapps/base/migrations/0001_initial.py;django_airavata/wagtailapps/base/models.py;django_airavata/wagtailapps/base/templatetags/navigation_tags.py;django_airavata/wsgi.py,0;0;0;0;0;0;0;0;0;0;0;0;0;0;0;0;0;0;0;0;0;0;0;0;0;0;0;0;0;0;0;0;0;0;0;0;0;0;0;0;0;0;0;0;2;10;3;1;0,0;0;0;0;0;0;0;0;0;0;0;0;0;0;0;0;0;0;0;0;0;0;0;0;0;0;0;0;0;0;0;0;0;0;0;0;0;0;0;0;0;0;0;0;1;131;20;0;0
6e3d9add347fdb61ae2c884d29f897e4c93bf8f8,Marcus Christie,2018-04-03 17:18:43 -0400,,django_airavata/apps/api/views.py,4,0
47a941969aa0f808fd3b2e64d393ebfd38a9ffc9,stephenpaul2727,2018-04-03 17:00:28 -0400,,django_airavata/wagtailapps/base/migrations/0001_initial.py,131,10
17167e65adc873281ed2d4063ca15fd4dafaf740,Marcus Christie,2018-04-03 14:52:03 -0400,,airavata/model/experiment/ttypes.py;airavata/model/group/ttypes.py;airavata/model/process/ttypes.py,13;6;13,1;3;1
e6776100db79c879932ab830b2fe9de494a99b0a,stephenpaul2727,2018-04-03 14:40:02 -0400,,django_airavata/wagtailapps/base/blocks.py;django_airavata/wagtailapps/base/models.py;django_airavata/wagtailapps/base/templatetags/navigation_tags.py,20;69;7,1;10;8
05aa218a1fff864bbe92caeeb13c75108c0e7ca4,stephenpaul2727,2018-03-31 13:11:52 -0400,,django_airavata/wagtailapps/base/models.py;django_airavata/wagtailapps/base/templatetags/navigation_tags.py,21;12,0;0
72c2b9c15597d969e5e17cd972b69f2314771ad3,stephenpaul2727,2018-03-31 12:48:31 -0400,,django_airavata/settings.py;django_airavata/urls.py;django_airavata/wagtailapps/__init__.py;django_airavata/wagtailapps/base/__init__.py;django_airavata/wagtailapps/base/apps.py;django_airavata/wagtailapps/base/blocks.py;django_airavata/wagtailapps/base/image_formats.py;django_airavata/wagtailapps/base/management/__init__.py;django_airavata/wagtailapps/base/management/commands/__init__.py;django_airavata/wagtailapps/base/management/commands/load_seagrid_data.py;django_airavata/wagtailapps/base/migrations/0001_initial.py;django_airavata/wagtailapps/base/migrations/__init__.py;django_airavata/wagtailapps/base/models.py;django_airavata/wagtailapps/base/templatetags/navigation_tags.py;django_airavata/wagtailapps/base/wagtail_hooks.py,35;12;0;0;7;237;4;0;0;24;76;0;648;139;37,0;2;0;0;0;0;0;0;0;0;0;0;0;0;0
2145c3a9ed86c5e8fe6c20e27990fc0f359cda08,Marcus Christie,2018-03-09 18:18:33 -0500,,django_airavata/apps/api/views.py,17,0
43b32cc8001cef1b3dbf7b25293098e61c215f4d,Marcus Christie,2018-03-03 15:37:18 -0500,,django_airavata/settings.py,4,1
522c6d60461ba6810028c8827159214ad62ac360,stephenpaul2727,2018-03-02 13:00:51 -0500,,django_airavata/settings.py,1,1
635a34acd13acabde9114727766e720116ed0ebd,stephenpaul2727,2018-03-01 19:00:44 -0500,,django_airavata/apps/groups/urls.py;django_airavata/settings.py,2;0,2;3
d97032a0df9728efe24aba1bfab916b46f7cb55d,Marcus Christie,2018-02-28 09:58:52 -0500,,django_airavata/apps/admin/apps.py;django_airavata/apps/admin/urls.py;django_airavata/apps/admin/views.py;django_airavata/apps/groups/views.py,12;4;4;1,1;3;2;0
82a1fe44d212ceff54e174a50c6afb54a721153b,Marcus Christie,2018-02-27 17:05:24 -0500,,django_airavata/apps/api/views.py,5,0
3464e2f31a7d7f5a18084896ab4db412ee7302fb,Marcus Christie,2018-02-27 12:07:54 -0500,,django_airavata/app_config.py;django_airavata/apps/groups/apps.py;django_airavata/apps/workspace/apps.py,6;3;3,0;0;0
f30a4bbfcd60bc6e433dbd1d7903c1ae0e590515,Marcus Christie,2018-02-27 11:47:08 -0500,,django_airavata/app_config.py;django_airavata/apps/groups/apps.py;django_airavata/apps/workspace/apps.py;django_airavata/context_processors.py;django_airavata/settings.py,6;1;1;7;1,0;0;0;1;1
771677f65abf8e4f2f9384d367821745281e331b,Marcus Christie,2018-02-27 09:58:39 -0500,,django_airavata/app_config.py;django_airavata/apps/groups/apps.py;django_airavata/apps/workspace/apps.py;django_airavata/context_processors.py;django_airavata/settings.py,26;6;6;19;2,0;2;2;0;0
0e90f71541097bf37daa015e6789b6fc5ab4210e,Marcus Christie,2018-02-23 05:50:19 -0500,,django_airavata/apps/api/serializers.py,1,1
975a0943d46a7e090fe8df6ab40402750e130da1,Marcus Christie,2018-02-23 03:40:48 -0500,,django_airavata/apps/api/serializers.py;django_airavata/apps/api/urls.py;django_airavata/apps/api/views.py,8;2;8,0;0;0
ab9800d9e7094dedfad7e67db8e56a4b453f313a,Marcus Christie,2018-02-23 01:35:10 -0500,,django_airavata/apps/api/serializers.py,1,1
3ea3901d9e2858506d2b8a911c03b3ebde18ee49,Marcus Christie,2018-02-23 01:26:31 -0500,,django_airavata/apps/api/serializers.py;django_airavata/apps/api/views.py,8;8,0;1
910cf784170862a625a89a491f938fbee717c15b,Marcus Christie,2018-02-23 01:25:31 -0500,,airavata/api/Airavata.py;airavata/api/ttypes.py;airavata/model/appcatalog/groupresourceprofile/__init__.py;airavata/model/appcatalog/groupresourceprofile/constants.py;airavata/model/appcatalog/groupresourceprofile/ttypes.py;airavata/model/group/ttypes.py;airavata/service/profile/groupmanager/cpi/GroupManagerService.py,11334;1;1;12;837;9;528,6880;0;0;0;0;3;12
ffd38ba8aa12df62d923579c197a1db1ad494790,Marcus Christie,2018-02-22 17:10:29 -0500,,django_airavata/apps/api/views.py,1,0
0acb40596366838e195d515b4208de6578f9e6fe,Marcus Christie,2018-02-22 15:47:57 -0500,,django_airavata/apps/groups/urls.py;django_airavata/apps/groups/views.py,1;4,1;37
e7d6638b49d27e218fb67903cbb8fed311e1cddf,Marcus Christie,2018-02-22 12:46:28 -0500,,django_airavata/apps/api/datastore.py,2,2
efbd6549f0a9ce41bad3a62ed0f807a9fb2a11e4,Marcus Christie,2018-02-22 11:13:56 -0500,,django_airavata/apps/api/views.py,3,3
362af100e7e61ad7c39fb0547c26e5b0bc328a8d,Marcus Christie,2018-02-22 10:53:36 -0500,,django_airavata/apps/api/serializers.py;django_airavata/apps/api/urls.py;django_airavata/apps/api/views.py,7;2;10,0;0;0
398411a1ebfe28cc73774744f99528016f2119fb,Marcus Christie,2018-02-16 11:59:08 -0500,,django_airavata/apps/api/serializers.py,6,0
8102666eb16d800aca81f424fe89aa0ee20fbd3c,Marcus Christie,2018-02-16 11:50:03 -0500,,django_airavata/apps/api/serializers.py,13,2
3bba4402ba5368c434c8911db800a6ea66077ec6,Marcus Christie,2018-02-15 17:11:16 -0500,,django_airavata/apps/api/views.py,8,1
73c00a8e3effc9dbaf70e8aec55576d936bb98db,Marcus Christie,2018-02-15 16:34:59 -0500,,django_airavata/apps/api/serializers.py;django_airavata/apps/api/urls.py;django_airavata/apps/api/views.py,5;1;10,2;1;5
f92e2ee2e314491b3dd332c9c3a1009215a28542,Marcus Christie,2018-02-15 12:25:44 -0500,,django_airavata/apps/api/datastore.py;django_airavata/settings.py,10;2,5;0
aeeb13976a5b2e22f2224cae67115075f8ee6b26,Marcus Christie,2018-02-15 11:46:42 -0500,,django_airavata/apps/api/serializers.py,10,0
d5a47b4d653bcee9ce7c7e865aefca926ebfa76a,Marcus Christie,2018-02-15 11:28:01 -0500,,django_airavata/apps/api/datastore.py;django_airavata/apps/api/urls.py;django_airavata/apps/api/views.py;django_airavata/apps/workspace/urls.py;django_airavata/apps/workspace/views.py,92;3;47;0;4,0;1;11;1;1
7858f223603ff5d54296af980894a2d77a2c38f9,eldhomathulla,2018-02-14 18:53:35 -0500,,django_airavata/apps/admin/urls.py;django_airavata/apps/admin/views.py;django_airavata/apps/api/urls.py;django_airavata/apps/api/views.py,3;4;17;183,3;0;5;48
bc993969845740fe2b0d37d2b743a7d3156e4a40,Marcus Christie,2018-02-13 12:31:54 -0500,,django_airavata/apps/api/views.py,18,2
3b9c8e6d635bd5e3f0f0aa2a298ecd3e974a971b,Marcus Christie,2018-02-08 12:05:43 -0500,,django_airavata/apps/api/views.py,1,6
b16752bc613d6861be61884a88ae33b350c3c2a4,Marcus Christie,2018-02-08 12:05:26 -0500,,airavata/service/profile/groupmanager/cpi/GroupManagerService.py,244,19
3ae702a708a0115871eac3a775b842af7b1e847d,Marcus Christie,2018-02-08 10:43:40 -0500,,django_airavata/apps/workspace/urls.py;django_airavata/apps/workspace/views.py,4;62,2;0
a84fa3fbe1ef96bbf93ee1c2d81af7fbe3882868,Marcus Christie,2018-01-31 16:50:42 -0500,,django_airavata/settings.py,1,1
d0fecc8d8f8b06cafd1f5cca77f05e3ab3587dab,Marcus Christie,2018-01-31 16:00:50 -0500,,django_airavata/apps/api/views.py,0,2
9c4d83ba16f202c842af1cd35c24419bcd5206af,Marcus Christie,2018-01-31 10:13:31 -0500,,django_airavata/apps/api/serializers.py;django_airavata/apps/workspace/views.py,1;14,0;7
f78f7b780074f6ce5c96d4e890c9425a8700e6d3,stephenpaul2727,2018-01-30 17:09:59 -0500,,django_airavata/apps/api/serializers.py;django_airavata/apps/api/views.py;django_airavata/apps/groups/views.py,4;4;19,3;5;18
bcdfad188b87cd56669596f44c0a63d6fff7046b,Marcus Christie,2018-01-30 16:05:40 -0500,,django_airavata/apps/api/serializers.py,20,15
07a0770b0a50973bebe3af0f5180afcec9d32a90,Marcus Christie,2018-01-30 16:05:25 -0500,,django_airavata/apps/api/serializers.py;django_airavata/apps/api/urls.py;django_airavata/apps/api/views.py,7;1;21,0;0;0
550884b5e2a4096d90a245614a83eeccc3b00fe5,Marcus Christie,2018-01-29 16:07:04 -0500,,django_airavata/apps/api/serializers.py;django_airavata/apps/api/views.py,9;12,1;1
9289284d07f62afe39a63e690b5fba44d4f2b96b,Marcus Christie,2018-01-29 10:53:34 -0500,,django_airavata/apps/workspace/views.py,4,1
11c3daccd82d208642dc1d4659e454653cd01440,Marcus Christie,2018-01-29 09:36:08 -0500,,django_airavata/apps/api/serializers.py,1,1
9ba962dce6e193da89b4a50ed69bf49cfdb1ea48,Marcus Christie,2018-01-25 17:08:32 -0500,,django_airavata/apps/api/views.py,8,2
664f9359735c4521a9f44f74977a5fada61cb990,Marcus Christie,2018-01-22 09:23:31 -0500,,django_airavata/apps/api/serializers.py;django_airavata/apps/api/urls.py;django_airavata/apps/api/views.py;django_airavata/apps/workspace/views.py,58;1;52;5,4;0;1;3
264845ef446cc6abd5d029cd9fb5ce8efd568a47,Marcus Christie,2018-01-18 12:59:39 -0500,,django_airavata/apps/workspace/urls.py;django_airavata/apps/workspace/views.py,2;13,0;0
b5df4903370e00abef0a02d066d6cbe9764f1e57,Marcus Christie,2018-01-22 12:39:41 -0500,,django_airavata/apps/auth/backends.py;django_airavata/apps/auth/middleware.py;django_airavata/apps/auth/utils.py;django_airavata/apps/auth/views.py,90;9;40;1,29;2;7;0
dba86372b398cf495c2165cba8d527ba4b70fc2c,stephenpaul2727,2018-01-18 18:14:02 -0500,,django_airavata/apps/api/serializers.py;django_airavata/apps/api/views.py,1;2,1;2
184b2e2e0ab089ed8e832369186c59303afff158,Stephen Paul Adithela,2018-01-15 16:01:44 -0500,,django_airavata/apps/api/serializers.py;django_airavata/apps/api/views.py;django_airavata/apps/groups/views.py,3;2;0,3;2;6
86b58931c9c1db7e580f07ba55f77c97c6987315,stephenpaul2727,2017-12-13 23:09:35 -0500,,django_airavata/apps/api/serializers.py;django_airavata/apps/api/urls.py;django_airavata/apps/api/views.py;django_airavata/apps/groups/views.py,35;1;27;4,0;0;0;4
918337e15153e88c037fc9f81c984d9bcbbca101,stephenpaul2727,2017-12-13 03:11:34 -0500,,django_airavata/apps/groups/views.py,11,1
1a9e3f7f5cb0ea98af0451cd5ecde8e95acd1f03,stephenpaul2727,2017-12-04 23:37:08 -0500,,django_airavata/apps/groups/views.py,3,6
cfc0a705a05baf963d99126a51b56c3280ff90dc,stephenpaul2727,2017-12-04 02:05:01 -0500,,django_airavata/apps/groups/__init__.py;django_airavata/apps/groups/admin.py;django_airavata/apps/groups/apps.py;django_airavata/apps/groups/forms.py;django_airavata/apps/groups/migrations/__init__.py;django_airavata/apps/groups/models.py;django_airavata/apps/groups/tests.py;django_airavata/apps/groups/urls.py;django_airavata/apps/groups/views.py,0;0;0;0;0;0;0;0;1,0;0;0;0;0;0;0;0;1
b9df8b791b60b038032d7a79421c68e6941e7436,stephenpaul2727,2017-12-04 01:50:48 -0500,,django_airavata/apps/groups/views.py;django_airavata/apps/workspace/views.py,1;1,1;0
dd1eb43c2bb41ab63a8cb70bf79a3cd28b313202,stephenpaul2727,2017-12-04 01:45:59 -0500,,django_airavata/apps/groups/views.py;django_airavata/apps/workspace/views.py,1;0,1;1
b1c3c414228f488bc7ecf6d53f92a8456b64a811,stephenpaul2727,2017-11-21 01:38:42 -0500,,django_airavata/apps/groups/views.py,1,4
cdd2a9c31d4d43dd5ae828e92b1ba8d20cca9403,stephenpaul2727,2017-11-20 23:54:47 -0500,,django_airavata/apps/groups/views.py,11,1
ee936e76126365fdd6f8009b679cd6a0c6915cfd,Marcus Christie,2018-01-18 17:37:25 -0500,,django_airavata/middleware.py;django_airavata/settings.py,88;2,2;1
a994a7870a85f48ad2f01fdeb8975ee47af7de7b,Marcus Christie,2018-01-18 11:29:08 -0500,,airavata/api/Airavata.py;airavata/api/sharing/SharingRegistryService.py;airavata/model/sharing/ttypes.py;airavata/model/user/ttypes.py;airavata/service/__init__.py;airavata/service/profile/__init__.py;airavata/service/profile/constants.py;airavata/service/profile/groupmanager/__init__.py;airavata/service/profile/groupmanager/cpi/GroupManagerService.py;airavata/service/profile/groupmanager/cpi/__init__.py;airavata/service/profile/groupmanager/cpi/constants.py;airavata/service/profile/groupmanager/cpi/error/__init__.py;airavata/service/profile/groupmanager/cpi/error/constants.py;airavata/service/profile/groupmanager/cpi/error/ttypes.py;airavata/service/profile/groupmanager/cpi/ttypes.py;airavata/service/profile/iam/__init__.py;airavata/service/profile/iam/admin/__init__.py;airavata/service/profile/iam/admin/services/__init__.py;airavata/service/profile/iam/admin/services/cpi/IamAdminServices.py;airavata/service/profile/iam/admin/services/cpi/__init__.py;airavata/service/profile/iam/admin/services/cpi/constants.py;airavata/service/profile/iam/admin/services/cpi/error/__init__.py;airavata/service/profile/iam/admin/services/cpi/error/constants.py;airavata/service/profile/iam/admin/services/cpi/error/ttypes.py;airavata/service/profile/iam/admin/services/cpi/ttypes.py;airavata/service/profile/tenant/__init__.py;airavata/service/profile/tenant/cpi/TenantProfileService.py;airavata/service/profile/tenant/cpi/__init__.py;airavata/service/profile/tenant/cpi/constants.py;airavata/service/profile/tenant/cpi/error/__init__.py;airavata/service/profile/tenant/cpi/error/constants.py;airavata/service/profile/tenant/cpi/error/ttypes.py;airavata/service/profile/tenant/cpi/ttypes.py;airavata/service/profile/ttypes.py;airavata/service/profile/user/__init__.py;airavata/service/profile/user/cpi/UserProfileService.py;airavata/service/profile/user/cpi/__init__.py;airavata/service/profile/user/cpi/constants.py;airavata/service/profile/user/cpi/error/__init__.py;airavata/service/profile/user/cpi/error/constants.py;airavata/service/profile/user/cpi/error/ttypes.py;airavata/service/profile/user/cpi/ttypes.py,4366;1443;84;368;0;1;12;0;2508;1;14;1;12;78;17;0;0;0;2505;1;14;1;12;78;19;0;1920;1;14;1;12;78;17;17;0;1543;1;14;1;12;78;17,5740;252;0;1;0;0;0;0;0;0;0;0;0;0;0;0;0;0;0;0;0;0;0;0;0;0;0;0;0;0;0;0;0;0;0;0;0;0;0;0;0;0
d0b50f31d5e1291c094fcc4ac9cf50bb5c86f2fb,Marcus Christie,2018-01-11 11:17:49 -0500,,django_airavata/apps/api/thrift_utils.py,3,15
a103b6e03b2a3751c14a99255d1079f85883ef4f,Marcus Christie,2018-01-10 12:05:54 -0500,,django_airavata/apps/api/thrift_utils.py;django_airavata/apps/api/views.py,12;6,0;2
08ef4ae050a59ac8137c25f88ea3ad2d778dbf50,Marcus Christie,2018-01-09 09:49:26 -0500,,django_airavata/apps/api/serializers.py;django_airavata/apps/api/thrift_utils.py;django_airavata/apps/api/urls.py;django_airavata/apps/api/views.py,15;41;1;24,17;10;0;8
8188962ca8f95828777a4b73b54e0817c9f24f9b,Marcus Christie,2018-01-05 15:23:28 -0500,,django_airavata/apps/api/thrift_utils.py,2,1
71968d96d9d0ddefcc322784bf3f485f97c2139c,Marcus Christie,2017-12-21 12:28:31 -0500,,django_airavata/apps/api/serializers.py;django_airavata/apps/api/views.py,3;7,0;0
f29307fea1274ce59ef13fa7c4fc66246b1aefdb,Marcus Christie,2017-12-15 09:53:01 -0500,,django_airavata/apps/api/serializers.py;django_airavata/apps/api/views.py,3;8,3;8
373cb6146e8ff4b313cfe395cada4f044669197a,Marcus Christie,2017-12-15 09:45:55 -0500,,django_airavata/apps/api/serializers.py;django_airavata/apps/api/urls.py;django_airavata/apps/api/views.py,10;1;41,25;0;0
1c337586086e2ac5bf715e5915fc6d69ebdc5aa2,Marcus Christie,2017-12-13 11:59:18 -0500,,django_airavata/apps/api/serializers.py;django_airavata/apps/api/urls.py;django_airavata/apps/api/views.py,2;1;5,6;1;0
acfff5cc5d9e885e48753d9f12c9691d13c23af2,Marcus Christie,2017-12-13 09:35:20 -0500,,django_airavata/apps/api/views.py,1,0
6f53fdd05d17decc426fb77691dcb2d8ebb6957d,Marcus Christie,2017-12-07 14:05:56 -0500,,django_airavata/apps/api/views.py,21,0
e6f5c4c36d6b3920338e1d9c0b82a1f4e51f86f9,Marcus Christie,2017-12-07 14:03:59 -0500,,django_airavata/apps/api/serializers.py,6,3
ef81b612db28ea7cbe9c9bd3dba2633a6348786c,Marcus Christie,2017-12-04 12:18:51 -0500,,django_airavata/apps/api/views.py,8,1
0744336833cb8fdbc60e2b43227fb48d8c1438cc,Marcus Christie,2017-12-01 16:55:31 -0500,,django_airavata/apps/workspace/views.py,3,1
230d34c2aa05b50ba733ac0384a4f156811d6345,Marcus Christie,2017-12-01 15:30:58 -0500,,django_airavata/apps/workspace/urls.py;django_airavata/apps/workspace/views.py,1;9,0;2
60403ef694859c1909453e05e8ae88f8f4a66586,Marcus Christie,2017-12-01 15:26:54 -0500,,django_airavata/apps/api/serializers.py;django_airavata/apps/api/views.py,8;1,8;1
cb52fb1776d69e1d8e4ca251c620f01bde0ce723,eldhomathulla,2017-11-29 15:57:18 -0500,,django_airavata/apps/api/views.py,6,7
c3f4a1d3e61717764d4bc065f108f8c9c4ff9bfe,Marcus Christie,2017-11-29 12:07:07 -0500,,django_airavata/apps/api/urls.py;django_airavata/apps/api/views.py;django_airavata/settings.py,1;22;0,2;6;1
4c11297d17f8afd8fa797f4e71ff99340d263e9d,eldhomathulla,2017-11-28 17:04:03 -0500,,django_airavata/apps/api/urls.py;django_airavata/apps/api/views.py,3;26,0;1
8013b244f35467887b252f2d521f21697d4df7f4,eldhomathulla,2017-11-28 17:03:36 -0500,,django_airavata/apps/admin/urls.py;django_airavata/apps/admin/views.py,3;6,2;2
066034f84110c2a270c6dab98d63201bc1112748,eldhomathulla,2017-11-23 13:09:50 -0500,,django_airavata/apps/api/serializers.py;django_airavata/apps/api/urls.py;django_airavata/apps/api/views.py,59;8;89,0;2;8
8985043eafde2180464765b10af9b9296b2d0465,Marcus Christie,2017-11-20 14:01:19 -0500,,django_airavata/apps/api/views.py,0,9
0ba3d59a1f12a1a93bc9fe6d11501a0c8d6eec66,Marcus Christie,2017-11-11 10:49:09 -0500,,django_airavata/apps/api/serializers.py,17,3
0e0e965cab3dd870140a119d95ff0066f3fa23d9,eldhomathulla@gmail.com,2017-11-08 16:22:26 -0500,,django_airavata/apps/api/serializers.py,24,6
2d4c6bc1c6a423106c475a1b10ce1a88bb1e2b03,Marcus Christie,2017-11-06 15:53:00 -0500,,airavata/api/ttypes.py;airavata/model/appcatalog/accountprovisioning/ttypes.py;airavata/model/ttypes.py;airavata/model/workspace/__init__.py;airavata/model/workspace/constants.py;django_airavata/apps/api/serializers.py;django_airavata/apps/api/views.py;django_airavata/apps/auth/utils.py;django_airavata/apps/groups/views.py;django_airavata/middleware.py,35;243;31;1;12;8;2;1;2;2,0;0;0;0;0;8;2;1;2;2
d8334235e72c439ee0c7db516d272bea5f416ab2,Marcus Christie,2017-11-02 16:05:49 -0400,,django_airavata/apps/api/serializers.py;django_airavata/apps/api/urls.py;django_airavata/apps/api/views.py,15;1;20,3;0;0
c2df89a15a4d8fa0df6d2398ddc6384ac4ac103a,Marcus Christie,2017-10-15 15:38:44 -0400,,django_airavata/apps/api/views.py,3,1
f4367b0ff465d98c853598d93fd28a9f9358383d,Marcus Christie,2017-10-14 09:34:33 -0400,,django_airavata/apps/api/views.py;django_airavata/settings.py,28;1,2;0
4ed82de91dcf21e9b945ac29e3f8c32a904985f4,Marcus Christie,2017-10-11 15:42:24 -0400,,django_airavata/apps/api/views.py,68,3
ae10daf49f6f21b85c7102f25ad58e11453ba53c,Marcus Christie,2017-09-28 15:46:18 -0400,,django_airavata/apps/api/serializers.py,12,0
fee999befd1587cfab9e3afd0d9bd5c6b2f4e1d0,Marcus Christie,2017-09-27 16:31:49 -0400,,django_airavata/apps/workspace/urls.py;django_airavata/apps/workspace/views.py,2;10,0;0
b82ebc11d70d6dbb03dcd94840f5156c41695704,Marcus Christie,2017-09-21 09:04:40 -0400,,django_airavata/apps/api/views.py,24,8
802f5560737101656ded7cf465d3f587d1708b8d,Marcus Christie,2017-09-19 14:21:59 -0400,,django_airavata/apps/api/serializers.py;django_airavata/apps/api/urls.py,0;1,3;10
4147972a1c157f570abdc5baaa6f243154f4c586,Marcus Christie,2017-09-19 14:06:34 -0400,,django_airavata/settings.py,10,0
e8e0fc44f4c7764dfb48d3f9a227a2ad7d5898f2,Marcus Christie,2017-09-18 10:09:54 -0400,,django_airavata/apps/api/serializers.py;django_airavata/apps/api/urls.py;django_airavata/apps/api/views.py,3;1;2,3;0;2
c975f46f65eed677d12c16927a5aa25a5832260e,Marcus Christie,2017-09-18 09:30:47 -0400,,django_airavata/apps/workspace/views.py,1,1
0a2bc1c50cc53dfd030c6bec170f2d380ebf2404,Marcus Christie,2017-09-18 09:19:59 -0400,,django_airavata/apps/api/serializers.py;django_airavata/apps/api/urls.py;django_airavata/apps/api/views.py,2;9;7,2;1;10
4253233ffe87928781cde0da90f1c2c8aa361e9e,Marcus Christie,2017-09-14 10:21:09 -0400,,django_airavata/apps/api/serializers.py;django_airavata/apps/api/urls.py;django_airavata/apps/api/views.py;django_airavata/apps/workspace/views.py,5;8;78;1,2;3;32;1
88e8db3d4209f5aeb6ff52e57fa85274d8e9b705,Marcus Christie,2017-09-12 12:04:37 -0400,,django_airavata/apps/api/serializers.py;django_airavata/apps/api/views.py,32;14,7;1
d5501430745d1a4cfc30660a504bd58cea1b4cb9,Marcus Christie,2017-09-11 15:12:26 -0400,,django_airavata/apps/api/serializers.py;django_airavata/apps/api/urls.py,17;4,4;2
b6435249decf0a09de1c4239532a4f2a63231fe8,eldhomathulla,2017-08-30 15:13:53 -0400,,django_airavata/apps/groups/apps.py;django_airavata/apps/groups/urls.py;django_airavata/apps/groups/views.py;django_airavata/middleware.py;django_airavata/settings.py;django_airavata/urls.py,1;2;6;2;1;1,1;7;146;1;1;1
827e363da52e6f08050aaa002ba70548236e1d94,eldhomathulla,2017-08-30 15:12:28 -0400,,django_airavata/apps/api/serializers.py;django_airavata/apps/api/urls.py;django_airavata/apps/api/views.py,15;3;10,1;2;1
bb10ed290a3e51aaa2004abf9376db9afccc662a,eldhomathulla,2017-08-30 15:11:53 -0400,,django_airavata/apps/admin/__init__.py;django_airavata/apps/admin/admin.py;django_airavata/apps/admin/apps.py;django_airavata/apps/admin/migrations/__init__.py;django_airavata/apps/admin/models.py;django_airavata/apps/admin/tests.py;django_airavata/apps/admin/urls.py;django_airavata/apps/admin/views.py,0;3;5;0;3;3;9;10,0;0;0;0;0;0;0;0
e8c285e1461e3b1238b09d06ce1df0fef1742ebb,Sneha Tilak,2017-08-28 12:34:34 -0700,,django_airavata/apps/groups/forms.py;django_airavata/apps/groups/views.py,4;7,4;19
66d0dbed9f49620095516ba065ffef48a5b1ef3b,Sneha Tilak,2017-08-21 15:57:24 -0400,,django_airavata/apps/groups/forms.py;django_airavata/apps/groups/urls.py;django_airavata/apps/groups/views.py,16;1;45,0;0;1
21747028585b84a856edb6f9f5a849c5f257fffe,Sneha Tilak,2017-08-18 13:19:14 -0400,,django_airavata/apps/groups/forms.py;django_airavata/apps/groups/urls.py;django_airavata/apps/groups/views.py,0;0;4,7;2;56
329a59ad00edb0ffbeb595a2c7066d809663714f,Sneha Tilak,2017-08-17 15:58:17 -0400,,django_airavata/apps/groups/urls.py;django_airavata/apps/groups/views.py,4;81,1;16
6822b115e9689481687dad984d89fb015356a9d2,Sneha Tilak,2017-08-17 13:46:54 -0400,,django_airavata/apps/groups/views.py,9,3
e2110a28b1cfdb0e106c56c5801a9fe21351e05d,Sneha Tilak,2017-08-15 17:53:31 -0400,,django_airavata/apps/groups/forms.py;django_airavata/apps/groups/urls.py;django_airavata/apps/groups/views.py,7;1;28,0;0;0
3f1338f774d82a540821fc4837fae9fee1fb45e3,Sneha Tilak,2017-08-11 18:38:21 -0500,,django_airavata/apps/groups/forms.py;django_airavata/apps/groups/urls.py;django_airavata/apps/groups/views.py,15;4;63,0;2;2
6ac019c588be896908b9dfd25ddb01fd04deb657,Marcus Christie,2017-08-08 16:38:46 -0400,,django_airavata/apps/api/serializers.py;django_airavata/apps/workspace/views.py;django_airavata/settings.py,4;7;1,2;10;0
45e8262ae623b9070ffca6ffea63782341ced2d4,Marcus Christie,2017-08-07 10:36:23 -0400,,django_airavata/apps/groups/__init__.py;django_airavata/apps/groups/admin.py;django_airavata/apps/groups/apps.py;django_airavata/apps/groups/migrations/__init__.py;django_airavata/apps/groups/models.py;django_airavata/apps/groups/tests.py;django_airavata/apps/groups/urls.py;django_airavata/apps/groups/views.py;django_airavata/middleware.py;django_airavata/settings.py;django_airavata/urls.py,0;3;6;0;3;3;9;23;46;2;1,0;0;0;0;0;0;0;0;5;0;0
9a945036cb4211cfca1fe8440a26701162a2e946,Marcus Christie,2017-08-03 13:56:46 -0400,,django_airavata/apps/auth/backends.py;django_airavata/apps/auth/views.py;django_airavata/settings.py;django_airavata/urls.py,1;3;3;1,1;3;2;2
fc576c3410550c95a5e1e8d487637566c023e7fa,Marcus Christie,2017-08-03 13:20:17 -0400,,django_airavata/apps/auth/views.py;django_airavata/apps/workspace/urls.py;django_airavata/views.py,1;2;2,0;1;6
4df4733d7c98f9c3383b73e6ac00657ff4b577e1,Marcus Christie,2017-08-01 13:23:37 -0400,,django_airavata/apps/auth/backends.py;django_airavata/apps/auth/urls.py;django_airavata/apps/auth/views.py,40;6;29,15;4;9
44cfb930b09a993baf7cee424de51ca5ed1397a8,Marcus Christie,2017-08-01 12:17:52 -0400,,django_airavata/settings.py,2,1
d8150e01deb0d3d9142a14bdda7a7b8a6d7d5e37,Marcus Christie,2017-07-28 16:50:05 -0400,,django_airavata/apps/auth/backends.py;django_airavata/apps/auth/views.py;django_airavata/settings.py,13;4;7,16;4;13
3f87c2d6076b9d99b0840b12b992ced0bb48b645,Marcus Christie,2017-04-19 15:46:58 -0400,,django_airavata/apps/api/serializers.py;django_airavata/apps/api/urls.py;django_airavata/apps/api/views.py,19;5;29,1;2;2
f7d88b2375f4f4eda37a094a4aa362e5ea223b81,Marcus Christie,2017-04-19 14:56:58 -0400,,django_airavata/apps/api/urls.py;django_airavata/apps/api/views.py,2;17,2;15
9f5e30e808c962cb9e6c7e63b231dadf61085a36,Marcus Christie,2017-04-19 14:43:51 -0400,,django_airavata/apps/api/urls.py;django_airavata/apps/api/views.py,6;21,3;21
8ba0d4585a49c9bd353df16858cbd31f7131c7d7,Marcus Christie,2017-04-19 14:34:45 -0400,,django_airavata/apps/api/__init__.py;django_airavata/apps/api/admin.py;django_airavata/apps/api/apps.py;django_airavata/apps/api/migrations/__init__.py;django_airavata/apps/api/models.py;django_airavata/apps/api/serializers.py;django_airavata/apps/api/tests.py;django_airavata/apps/api/urls.py;django_airavata/apps/api/views.py;django_airavata/settings.py;django_airavata/urls.py,0;3;5;0;3;17;3;9;30;2;1,0;0;0;0;0;0;0;0;0;0;0
7f8143ed9da308e84f2c0ef7ef6bc29f894d1c2a,Marcus Christie,2017-04-03 10:45:16 -0400,,django_airavata/apps/auth/apps.py;django_airavata/apps/workspace/apps.py;django_airavata/settings.py;django_airavata/urls.py;django_airavata/views.py;django_airavata/wsgi.py;manage.py,3;3;8;2;1;1;1,2;2;16;2;3;1;1
7b4261b10086d2dc0a26ed9140a7264747adee00,Marcus Christie,2017-04-03 10:27:03 -0400,,django_airavata/apps/workspace/migrations/__init__.py,0,0
991d38a2b0e80876e35e1ac8f6cc604ab17ae7b4,Marcus Christie,2017-02-17 10:18:42 -0500,,manage.py,22,0
