1d0465e8c1e7be1308b8540e41a8020854197312,David Bieber,2018-12-04 13:36:56 -0800,,fire/completion.py;fire/core.py;fire/docstrings.py;fire/docstrings_fuzz_test.py;fire/docstrings_test.py;fire/helputils.py;fire/helputils_test.py;fire/test_components.py;fire/testutils.py;fire/trace.py;fire/value_types.py,4;2;695;41;237;133;119;12;4;22;39,4;2;0;0;0;7;0;0;2;0;0
687bf37aa71d87ba8dd7f859fb0f73f84cbb93bc,David Bieber,2018-10-09 10:26:05 -0700,,fire/core.py,7,25
5f83beecdaa6f7525fa3236516bfba916e39ebd8,David Bieber,2018-10-08 18:30:27 -0700,,fire/fire_test.py;fire/test_components.py,17;3,0;0
fe1fda46d9ae2495920a0b7e78ecf7bb054fe727,David Bieber,2018-10-08 18:15:05 -0700,,fire/core.py;fire/fire_test.py,69;19,48;2
53a3498fd2d1a364b7af6c482772112ef6476694,David Bieber,2018-10-05 16:30:19 -0700,,fire/core.py;fire/fire_test.py,3;40,3;0
5347858957e2f3ec9a390260e52c43a7fd293192,David Bieber,2018-10-05 16:08:56 -0700,,fire/core.py;fire/fire_test.py;fire/helputils.py;fire/test_components.py,1;6;2;6,1;1;1;0
f37dd2b8a52c597c8860de941326143709d5a219,David Bieber,2018-10-05 13:27:28 -0700,,fire/core.py;fire/fire_test.py;fire/helputils.py,17;1;89,16;1;18
0a6bb9d75488751746aae7b4b54c3bab57408c4a,Alex Shadley,2018-10-05 13:29:54 -0500,108;141,fire/core.py;fire/fire_test.py;fire/test_components.py,38;25;6,6;0;0
54f91a21c06a17003f93cf7c6e4657180cffefc2,Mickaël Schoentgen,2018-08-29 01:21:50 +0200,135,examples/diff/diff.py,4,2
6e0ca736a9ab6ff586f6c60c7d6ab500e528f600,David Bieber,2018-07-27 09:09:53 -0700,,fire/core.py;fire/trace.py;fire/trace_test.py,6;7;20,9;50;6
b55cebd963e3edeb7ac477e0d3c612b78ce24970,Joe Chen,2018-06-27 10:53:52 -0700,,examples/cipher/cipher.py;examples/cipher/cipher_test.py;examples/diff/diff.py;examples/diff/diff_test.py;examples/diff/difffull.py;examples/identity/identity.py;examples/widget/collector.py;examples/widget/collector_test.py;examples/widget/widget.py;examples/widget/widget_test.py;fire/__init__.py;fire/completion.py;fire/completion_test.py;fire/core.py;fire/core_test.py;fire/decorators.py;fire/decorators_test.py;fire/fire_import_test.py;fire/fire_test.py;fire/helputils.py;fire/helputils_test.py;fire/inspectutils.py;fire/inspectutils_test.py;fire/interact.py;fire/interact_test.py;fire/parser.py;fire/parser_fuzz_test.py;fire/parser_test.py;fire/test_components.py;fire/test_components_py3.py;fire/test_components_test.py;fire/testutils.py;fire/testutils_test.py;fire/trace.py;fire/trace_test.py;setup.py,1;1;1;1;1;1;1;1;1;1;1;3;1;65;11;1;1;1;1;1;2;1;1;1;1;2;1;1;12;1;1;1;1;25;1;1,1;1;1;1;1;1;1;1;1;1;1;3;1;20;3;1;1;1;1;1;2;1;1;1;1;2;1;1;1;1;1;1;1;1;1;1
eb8f053cee599b49a7ec4f313b6ed7d7fb33e907,cclauss,2018-06-22 06:05:15 +0200,128;111,fire/parser_fuzz_test.py,2,2
021d627c92adead1aa8cc45a1308a6e4980dbcca,Joe Chen,2018-06-21 16:02:57 -0700,,fire/completion.py;fire/core.py;fire/core_test.py;fire/parser_fuzz_test.py;fire/test_components.py,4;57;41;2;33,4;16;6;2;0
83a8036ea9a3a4594ba89d0f48e48a2aed597a7e,Isaac Ellmen,2018-05-21 16:41:04 -0400,122,fire/completion.py;fire/completion_test.py;fire/core.py;fire/parser.py,60;40;7;1,3;4;6;1
6912ccd56f50e0f4bb30a0725d95858ef29f3bde,David Bieber,2018-02-23 10:08:24 -0800,,fire/parser_fuzz_test.py;setup.py,2;1,1;1
9bff9d01ce16589201f57ffef27ea84744951c11,cclauss,2018-01-11 01:20:54 +0100,111,fire/parser_fuzz_test.py,2,2
7f166e90890f18c77aee2ea5f2c24ba97b818f8e,David Bieber,2018-01-08 11:21:03 -0800,,fire/decorators_test.py;fire/helputils.py;fire/test_components.py;fire/trace.py,2;1;4;1,1;1;3;0
72604f40314008e562ba47936dcc183b51166b72,David Bieber,2017-12-04 14:30:37 -0800,,fire/core.py,3,3
fa575938964a65e29d89f7f13244587602cf957d,greenmoon55,2017-12-04 17:01:10 -0500,99,fire/core.py;fire/fire_test.py,60;9,50;4
7400ca845eb5fb41bc788e5b3052e860ab17e43b,mbarkhau,2017-10-11 19:15:08 +0200,96;95,fire/parser.py;fire/parser_test.py,3;5,0;1
e76a10c0511ea4485b57543ccb966e7778213279,David Bieber,2017-08-29 10:16:20 -0700,,fire/core.py,1,1
379dd0a497c9698c7cf0a6be98e58cc836b3a71c,Aaron Giovannini,2017-08-21 17:37:30 +0200,87,fire/core.py,2,1
6c3331fb3e6197ac84320d7ddcf3c536e3b31c11,David Bieber,2017-07-24 14:14:29 -0700,,setup.py,0,2
a944d2854f881469c0e099a1a029806bedd670dc,David Bieber,2017-07-24 11:52:19 -0700,,setup.py,0,1
43c0b8cd3955110e1c79e55ad97ee64b30c79956,David Bieber,2017-07-24 10:48:22 -0700,,setup.py,0,1
3e98ed525eced05a5e78418f92770da28c71cf8e,David Bieber,2017-07-24 08:54:10 -0700,,setup.py,9,5
b5053bad7c92bb2ee73d99d924b09a48d1498d67,David Bieber,2017-07-21 13:52:58 -0700,,fire/core.py;fire/core_test.py;fire/decorators_test.py;fire/fire_test.py,13;12;39;302,6;11;22;152
952e20d1d5e0c264dd17f4f52ebf28f6a194b4c1,David Bieber,2017-05-24 17:02:57 -0700,78,fire/core.py;fire/helputils_test.py;fire/inspectutils.py;fire/interact_test.py;setup.py,2;2;64;15;0,29;1;3;8;1
3126e2cd70ba8f790aad7d2d32ca1cf1fb90b9bf,David Bieber,2017-05-20 23:42:35 -0700,,setup.py,1,1
1f366f97602a1806f623ae73f07888abd61162ca,Saurabh Patel,2017-04-19 09:56:02 -0700,65,fire/core.py;fire/fire_test.py,2;3,1;2
d9982003c6c9a1b6fb3add26d26f6eaf1e007332,David Bieber,2017-04-13 14:27:50 -0700,,fire/completion.py;fire/fire_test.py;fire/helputils.py;fire/inspectutils.py;fire/testutils_test.py,8;1;7;1;8,9;2;9;2;4
3b04b0edb969dcfa0b6af63fe347c551aaf9a42c,Saurabh Patel,2017-04-13 14:02:34 -0700,51;59,fire/core.py;fire/fire_test.py,2;10,1;0
b76f1c3deac6b6277ee621330556bf430252dc1c,Jeff Tratner,2017-04-11 10:44:51 -0700,54,fire/core.py;fire/core_test.py;fire/testutils.py;fire/testutils_test.py,14;2;38;55,7;2;19;0
8eb6aa51a9681b62ab3763ee6e7ea4382f928ac3,David Bieber,2017-04-10 21:09:17 +0000,,fire/core_test.py,0,1
c1f045d9abaacc1f2a24ff78647be02ac1d277d2,Neal McBurnett,2017-04-11 11:30:47 -0600,57;58,setup.py,1,1
a0791c9d40565a36bc540a168a6c19670dd90c78,Saurabh Patel,2017-04-07 10:10:41 -0700,49;42,fire/core.py;fire/core_test.py;fire/test_components.py,1;6;8,1;0;0
f48f93b5161d502549f7d21a4be2fd80b0431915,Neal McBurnett,2017-04-06 16:26:42 -0600,52,setup.py,1,1
9eb788624958453053c96e37a16521f87b7651bd,David Bieber,2017-03-31 14:55:15 +0000,,fire/completion.py;fire/completion_test.py;fire/test_components.py,6;15;1,5;0;1
3db47f8c8e0f8825e47a8f24e277c7964f3b768f,David Bieber,2017-03-31 15:22:25 +0000,,fire/inspectutils.py;fire/interact.py,1;7,1;4
5e65a318585153b5b214bd1b417aee4cf907c634,David Bieber,2017-03-29 17:36:45 +0000,,fire/core.py;fire/test_components.py;fire/testutils.py,3;1;2,3;0;1
ea80933cb3d0b1a154d6397e0c2a0d69d7dc0e4c,Jeff Tratner,2017-03-28 08:06:05 -0700,39,fire/core.py;fire/core_test.py;fire/test_components.py;fire/testutils.py,7;7;8;9,8;0;0;0
51fc990ddc5e181ce7fffdb86c60f47687e479d0,David Bieber,2017-03-28 10:51:47 -0400,38,examples/__init__.py;examples/cipher/__init__.py;examples/cipher/cipher_test.py;examples/diff/__init__.py;examples/diff/diff_test.py;examples/identity/__init__.py;examples/widget/__init__.py;examples/widget/collector.py;examples/widget/collector_test.py;examples/widget/widget.py;examples/widget/widget_test.py;fire/decorators_test.py;fire/inspectutils.py;fire/test_components.py;setup.py,0;0;3;0;6;0;0;2;6;1;3;39;1;1;9,0;0;1;0;4;0;0;2;4;1;1;34;1;1;8
4198d5a42baebc279d95035167348c61e219c70f,David Bieber,2017-03-27 16:01:23 -0400,36,examples/cipher/cipher_test.py;examples/diff/diff_test.py;examples/widget/collector_test.py;examples/widget/widget_test.py;fire/completion.py;fire/completion_test.py;fire/core_test.py;fire/decorators_test.py;fire/fire_import_test.py;fire/fire_test.py;fire/helputils_test.py;fire/inspectutils.py;fire/inspectutils_test.py;fire/interact_test.py;fire/parser_fuzz_test.py;fire/parser_test.py;fire/test_components.py;fire/test_components_test.py;fire/testutils.py;fire/trace_test.py;setup.py,4;4;4;4;0;6;7;5;6;3;7;1;5;6;5;5;2;5;6;6;3,4;4;4;4;1;5;7;4;4;1;5;1;2;4;4;4;2;4;0;5;0
05d59337d8c08a128c0a184d61ca525924428948,Raphaël B,2017-03-24 16:20:59 +0100,21,fire/test_components.py,1,1
c399562dd8d798125abbd44514860f03ef76eeca,Jeff Tratner,2017-03-22 16:58:46 -0700,27,fire/__init__.py;fire/core.py;fire/core_test.py;fire/fire_import_test.py;fire/fire_test.py;fire/inspectutils_test.py;fire/test_components.py;fire/testutils.py,1;32;14;6;77;3;1;64,1;10;3;3;51;2;0;0
c3f158a811eb39738772ae0ef97b48c27dd666b8,keatinge,2017-03-22 16:51:42 -0400,30,fire/helputils_test.py;fire/inspectutils_test.py,2;3,1;2
babf4f19bb482446132fd9dde977a1b87cca36a5,Jared Garst,2017-03-20 14:41:12 -0700,18,fire/completion.py;fire/core.py;fire/fire_test.py;fire/helputils.py;fire/inspectutils.py;fire/inspectutils_test.py;fire/test_components.py;fire/test_components_py3.py,2;18;8;21;42;64;9;29,2;11;0;16;33;49;2;0
1239bdd23b0112701d3817d5fdf109f80ae4c35b,David Bieber,2017-03-11 21:48:12 +0000,,fire/core.py,6,9
88f65747e25c20901483ed1d29d79392bd9b6fe3,David Bieber,2017-03-09 22:03:59 +0000,,fire/core.py;fire/fire_test.py;fire/test_components.py;fire/test_components_test.py,3;8;10;6,3;0;1;0
8e294783b1367857083e0665a55dfdddccd033ee,David Bieber,2017-03-07 18:05:12 +0000,,fire/completion_test.py;fire/core.py;fire/test_components.py,0;1;1,2;2;0
59d9095efbba628895e7b57c8c7c5775cc4638b8,Yuval Greenfield,2017-03-06 07:29:49 -0800,5,fire/core.py,3,0
f8ad6b7f78ef39c2e439187b706724d47cb0b0c6,Raphael Deem,2017-03-06 07:20:16 -0800,9,fire/core.py,3,7
63aba49c50b6088aa670ad0877b6d059c21cdf00,Jared Garst,2017-03-06 07:17:58 -0800,8,fire/fire_test.py;fire/inspectutils.py;fire/test_components.py,4;9;11,0;2;0
48dd6623bfeb8635082cdecb0f87e75d3a9c4672,David Bieber,2017-03-02 20:28:21 +0000,,examples/cipher/cipher.py;examples/diff/diff.py;examples/diff/difffull.py;examples/widget/collector.py;examples/widget/widget.py;fire/interact.py;fire/interact_test.py,1;1;1;1;1;5;8,1;1;1;1;1;5;9
421bbae7322ee8f5505d48a3efa7fa75d9430d63,David Bieber,2017-02-23 18:12:53 +0000,,setup.py,7,4
9f9630ac871138c04c8654eb46d66ca0a2f70b7c,David Bieber,2017-02-15 13:22:36 -0800,,examples/cipher/cipher.py;examples/cipher/cipher_test.py;examples/diff/diff.py;examples/diff/diff_test.py;examples/diff/difffull.py;examples/identity/identity.py;examples/widget/collector.py;examples/widget/collector_test.py;examples/widget/widget.py;examples/widget/widget_test.py;fire/__init__.py;fire/completion.py;fire/completion_test.py;fire/core.py;fire/core_test.py;fire/decorators.py;fire/decorators_test.py;fire/fire_import_test.py;fire/fire_test.py;fire/helputils.py;fire/helputils_test.py;fire/inspectutils.py;fire/inspectutils_test.py;fire/interact.py;fire/interact_test.py;fire/parser.py;fire/parser_fuzz_test.py;fire/parser_test.py;fire/test_components.py;fire/test_components_test.py;fire/trace.py;fire/trace_test.py;setup.py,59;32;103;93;51;28;38;37;35;34;23;229;140;760;86;97;150;35;371;197;128;128;99;90;44;127;97;138;170;33;301;139;78,0;0;0;0;0;0;0;0;0;0;0;0;0;0;0;0;0;0;0;0;0;0;0;0;0;0;0;0;0;0;0;0;0
