cece5016053c3d869330da231747e390ce3d58dd,Zhi Yan Liu,2014-11-18 00:27:07 +0800,,jumpgate/identity/drivers/sl/auth_tokens_v3.py;jumpgate/identity/drivers/sl/services_v3.py;jumpgate/identity/drivers/sl/tokens.py,1;1;2,1;1;2
2a19c948fb54077c975c68d78a504c12bd27ed58,Zhi Yan Liu,2014-11-17 17:44:03 +0800,,jumpgate/image/drivers/sl/images.py;tests/jumpgate-tests/image/test_images.py,4;4,4;4
7df82583af28c2a56fbf851cf5c7b996a31a9077,Zhi Yan Liu,2014-10-24 13:03:09 +0800,,jumpgate/identity/drivers/sl/tokens.py,1,0
25e8981a7b7f3fbf1ac0e2ed2cd3d2eef1839234,Zhi Yan Liu,2014-09-03 22:00:52 +0800,,jumpgate/identity/drivers/sl/auth_tokens_v3.py,51,7
bad34cee7e9e4c5d4c2c3b99725dd6b4dbb6d4da,Zhi Yan Liu,2014-08-21 14:34:42 +0800,,jumpgate/common/hooks/log.py;tests/jumpgate-tests/common/hooks/test_hooks.py,12;20,2;2
5d41b53f18ced9cc7f5a0ad585815edf909b1b9f,Zhi Yan Liu,2014-08-14 23:51:31 +0800,,jumpgate/common/hooks/auth_token.py;jumpgate/common/sl/auth.py;jumpgate/identity/__init__.py;tests/jumpgate-tests/common/hooks/test_hooks.py,1;7;1;3,1;3;2;2
bd588a6d7e6fcf40e89ac9841ae7e92bcd6a7f01,Zhi Yan Liu,2014-08-14 00:28:48 +0800,,jumpgate/image/drivers/sl/images.py;tests/jumpgate-tests/image/test_images.py,10;37,4;0
78195350c3069ad266b476d9a280e3d249a02558,Zhi Yan Liu,2014-08-13 21:38:36 +0800,,jumpgate/image/drivers/sl/images.py,1,0
56bb72a12350f073bf0579e68584a329812a3136,Zhi Yan Liu,2014-08-13 14:44:45 +0800,,jumpgate/identity/drivers/sl/__init__.py;jumpgate/identity/drivers/sl/tokens.py,7;23,7;14
1b7d01b61377ed41057a5de8ce7d5cc3622c7020,Zhi Yan Liu,2014-08-09 01:28:36 +0800,,jumpgate/identity/drivers/sl/versions.py,2,0
aaf07cc67a827bc8781fc2d15f8967930906345e,Kevin McDonald,2014-08-05 18:45:49 -0500,,jumpgate/identity/drivers/sl/user.py;jumpgate/image/drivers/sl/images.py;jumpgate/image/drivers/sl/schema.py;tests/jumpgate-tests/compute/test_volumes.py;tests/jumpgate-tests/image/test_images.py,1;60;246;1;142,0;370;0;0;127
ec2ad3664c2659b3d748fb7761bb5a477822967a,Harsha,2014-07-24 09:40:47 -0500,,jumpgate/compute/drivers/sl/servers.py,2,0
eaf5b496d3655dfb0519a33dd4de2975a1adcbe9,Harsha,2014-07-23 13:01:18 -0500,,setup.py,3,1
a234cd07dde8342e43048fcbcd45ef05b891ce06,Isaac Karrer,2014-07-17 22:26:25 -0500,,jumpgate/compute/drivers/sl/extensions.py;jumpgate/compute/drivers/sl/servers.py;jumpgate/identity/drivers/sl/auth_tokens_v3.py;jumpgate/identity/drivers/sl/tokens.py;jumpgate/image/drivers/sl/images.py,1;3;1;1;1,0;4;1;1;1
e20414f803957bd1793fdd690ace69cdc61ec701,Harsha,2014-07-17 16:20:10 -0500,,jumpgate/compute/drivers/sl/flavors.py;tests/jumpgate-tests/compute/test_flavors.py,7;29,11;0
d80e51acafc1ecd848e29fd32713cac5c2f64562,Isaac Karrer,2014-07-17 10:14:25 -0500,,jumpgate/compute/drivers/sl/limits.py;jumpgate/compute/drivers/sl/servers.py;jumpgate/identity/drivers/sl/auth_tokens_v3.py;jumpgate/identity/drivers/sl/tokens.py;tests/jumpgate-tests/compute/test_servers.py,1;10;1;1;7,1;10;1;1;6
517df7117cecdeec2666e2133ff946d4a4e48900,James A. Lindeman,2014-07-15 16:22:56 -0700,,jumpgate/common/sl/auth.py;jumpgate/identity/drivers/sl/tokens.py,1;1,0;0
7acbb9f6ffc317f62e6d80e2bf55a084bc7bc2b3,James A. Lindeman,2014-07-15 16:05:31 -0700,,jumpgate/common/sl/auth.py;jumpgate/identity/drivers/sl/tokens.py,3;10,6;9
4f89cba5c4b3e49391b4ee7bd53686cb1182708a,James A. Lindeman,2014-07-15 15:08:10 -0700,,jumpgate/common/sl/auth.py,1,0
2ed7a0d360c4463c9a0a60b3c23cd0ca41c29ae7,James A. Lindeman,2014-07-15 15:05:52 -0700,,jumpgate/identity/drivers/sl/tokens.py;tests/jumpgate-tests/identity/test_identity.py,16;4,13;5
68d078915d92745ef2e7934a441bad3b1a46ae03,James A. Lindeman,2014-07-15 14:49:03 -0700,,jumpgate/identity/drivers/sl/tokens.py;tests/jumpgate-tests/identity/__init__.py;tests/jumpgate-tests/identity/test_identity.py,5;0;45,11;0;0
cad4831719f6aa9e0652970b8f94b26ba30f3a83,Isaac Karrer,2014-07-15 14:04:10 -0500,,jumpgate/compute/drivers/sl/limits.py;jumpgate/compute/drivers/sl/servers.py;jumpgate/identity/drivers/sl/auth_tokens_v3.py;jumpgate/identity/drivers/sl/tokens.py;jumpgate/image/drivers/sl/images.py,1;2;1;1;1,0;0;0;0;0
b2a04fee3928599947c29a1d7e69ca3773077761,Harsha,2014-07-15 09:17:33 -0500,,jumpgate/compute/drivers/sl/__init__.py;jumpgate/compute/drivers/sl/extra_specs.py;tests/jumpgate-tests/compute/test_extra_specs.py,3;6;7,2;9;2
fdfc6666a4e56af9cca719fa05b466299e62b75c,Isaac Karrer,2014-07-14 17:27:43 -0500,,jumpgate/volume/drivers/sl/__init__.py;jumpgate/volume/drivers/volume_types_loader.py,0;3,3;8
552a2c734c7098e01e18b4de5448163bea1f7480,Isaac Karrer,2014-07-14 16:27:17 -0500,,jumpgate/volume/drivers/volume_types_loader.py,8,8
012fa7c862d615fbe7bbcc5edfdd663952d29daa,Isaac Karrer,2014-07-14 16:20:55 -0500,,jumpgate/compute/drivers/sl/extensions.py;jumpgate/compute/drivers/sl/keypairs.py;jumpgate/compute/drivers/sl/limits.py;jumpgate/compute/drivers/sl/servers.py;jumpgate/identity/drivers/sl/auth_tokens_v3.py;jumpgate/identity/drivers/sl/tokens.py;jumpgate/image/drivers/sl/images.py,2;2;2;23;1;1;1,1;1;1;11;1;1;1
0446578acb5f948434d0b81a42730ffca879a101,Andrew,2014-07-14 10:48:31 -0500,,jumpgate/compute/drivers/sl/servers.py,46,9
eb853f667c60eeb91699528d227987dae7896884,Harsha,2014-07-09 14:42:14 -0500,,jumpgate/common/config.py;jumpgate/compute/drivers/sl/__init__.py;jumpgate/compute/drivers/sl/extra_specs.py;jumpgate/compute/drivers/sl/flavor_list_loader.py;jumpgate/compute/drivers/sl/flavors.py;jumpgate/compute/drivers/sl/servers.py;tests/jumpgate-tests/common/test_dispatchers.py;tests/jumpgate-tests/compute/test_extra_specs.py;tests/jumpgate-tests/compute/test_flavors.py;tests/jumpgate-tests/compute/test_servers.py,12;12;47;99;26;27;2;88;193;442,0;6;1;0;98;14;0;0;67;92
6acd1747ff6d3a065c9d62afeeb8df910739d53b,Isaac Karrer,2014-07-13 04:05:20 -0500,,jumpgate/volume/drivers/volume_types_loader.py;tests/jumpgate-tests/volume/test_volumes.py,11;2,15;17
723a0705ae5cbc5f5af31ba4288c343efff023e7,Isaac Karrer,2014-07-09 11:59:01 -0500,,jumpgate/common/config.py;jumpgate/volume/drivers/sl/__init__.py;jumpgate/volume/drivers/sl/volumes.py;jumpgate/volume/drivers/volume_types_loader.py;tests/jumpgate-tests/common/test_dispatchers.py;tests/jumpgate-tests/volume/test_volumes.py,1;23;104;113;2;293,0;2;34;0;0;110
64802966d8ffbe96f4e572eed4520554ef548f00,Harsha,2014-07-11 14:59:39 -0500,,jumpgate/compute/drivers/sl/volumes.py;tests/jumpgate-tests/compute/test_volumes.py,13;388,12;0
f626eff5ff003f76a7e6fd0418f68d65abe14b7a,Andrew,2014-07-10 02:18:52 -0500,,jumpgate/compute/drivers/sl/servers.py;jumpgate/network/drivers/sl/networks.py;jumpgate/network/drivers/sl/subnets.py;tests/jumpgate-tests/compute/test_servers.py;tests/jumpgate-tests/network/test_network.py;tests/jumpgate-tests/network/test_subnet.py,108;1;1;361;3;2,48;1;1;3;3;2
dd77f23a4a6868f56fdfa78738a0f343c6cf61a4,Andrew,2014-07-10 02:18:52 -0500,,jumpgate/compute/drivers/sl/servers.py;jumpgate/network/drivers/sl/networks.py;jumpgate/network/drivers/sl/subnets.py;tests/jumpgate-tests/compute/test_servers.py;tests/jumpgate-tests/network/test_network.py;tests/jumpgate-tests/network/test_subnet.py,108;1;1;357;3;2,48;1;1;1;3;2
c3ed7cf333416c8c55df4aac7a3e6db4b510c361,James A. Lindeman,2014-07-09 15:41:23 -0700,,jumpgate/common/config.py;jumpgate/common/sl/auth.py;jumpgate/identity/drivers/sl/tokens.py,2;2;68,0;47;1
dd230f6dc8c8c83e52420278fc3de12a62279e4b,Andrew,2014-07-07 15:13:53 -0500,,jumpgate/identity/drivers/sl/tokens.py,3,3
64f096652f79114dbeb939bd533628143b646813,Isaac Karrer,2014-06-17 14:21:38 -0500,,jumpgate/image/drivers/sl/images.py;tests/jumpgate-tests/compute/test_servers.py;tests/jumpgate-tests/image/__init__.py;tests/jumpgate-tests/image/test_images.py;tests/jumpgate-tests/volume/test_volumes.py,19;1;0;163;5,18;1;0;0;12
13d7a5986d559ed2c44499aa9a3aa1440f632312,Harsha,2014-06-17 13:32:37 -0500,,tests/jumpgate-tests/compute/test_servers.py,174,1
e95d3b9a9075481f22938dd0c577606947900568,Kevin McDonald,2014-06-27 17:57:42 -0500,,jumpgate/common/aes.py,2,3
d2130f38bad396467ef30a3a00ddea19e1ba9d30,Kevin McDonald,2014-06-27 15:34:12 -0500,,jumpgate/network/drivers/sl/subnets.py,1,0
240094eb3e7b3dfed5f2e709f05b41edb42cffc9,Kevin McDonald,2014-06-27 15:10:59 -0500,,setup.py,4,6
cf34bda66a0b5518c0f27e0446c7ee3f98e2d886,Matt Mulsow,2014-06-27 14:59:51 -0500,,setup.py,6,0
95d2178b99f6c41dac6df38fcf1884a6be048b62,Kevin McDonald,2014-06-27 14:57:12 -0500,,jumpgate/network/drivers/sl/subnets.py;tests/jumpgate-tests/network/test_subnet.py,28;58,37;90
6e2a9cbce86d85f712ae2daf8b451075b6cc906f,Kevin McDonald,2014-06-27 12:43:13 -0500,,jumpgate/compute/drivers/sl/volumes.py,72,61
b7c5461516903554c6d91ac087ae99fe6ca19791,Kevin McDonald,2014-06-27 12:30:20 -0500,,tests/jumpgate-tests/network/test_network.py,9,9
9d150a5de894d763c35d1b40bce9d892fa411763,Kevin McDonald,2014-06-27 12:28:32 -0500,,jumpgate/network/drivers/sl/networks.py;setup.py;tests/jumpgate-tests/network/test_network.py,25;7;94,48;7;116
fac01e899e888efde39d26f0015151075a339b9a,Kevin McDonald,2014-06-27 10:25:47 -0500,,jumpgate/api.py;jumpgate/baremetal/drivers/openstack.py;jumpgate/baremetal/drivers/sl/__init__.py;jumpgate/baremetal/drivers/sl/nodes.py;jumpgate/cmd_main.py;jumpgate/common/aes.py;jumpgate/common/config.py;jumpgate/common/dispatcher.py;jumpgate/common/exceptions.py;jumpgate/common/hooks/__init__.py;jumpgate/common/hooks/admin_token.py;jumpgate/common/hooks/auth_token.py;jumpgate/common/hooks/core.py;jumpgate/common/hooks/log.py;jumpgate/common/hooks/sl/client.py;jumpgate/common/hooks/sl/timedclient.py;jumpgate/common/hooks/sl/timelog.py;jumpgate/common/nyi.py;jumpgate/common/openstack.py;jumpgate/common/sl/__init__.py;jumpgate/common/sl/auth.py;jumpgate/common/sl/errors.py;jumpgate/common/utils.py;jumpgate/compute/drivers/openstack.py;jumpgate/compute/drivers/sl/__init__.py;jumpgate/compute/drivers/sl/availability_zones.py;jumpgate/compute/drivers/sl/dns.py;jumpgate/compute/drivers/sl/extensions.py;jumpgate/compute/drivers/sl/flavors.py;jumpgate/compute/drivers/sl/instance_actions.py;jumpgate/compute/drivers/sl/keypairs.py;jumpgate/compute/drivers/sl/limits.py;jumpgate/compute/drivers/sl/server_ips.py;jumpgate/compute/drivers/sl/servers.py;jumpgate/compute/drivers/sl/usage.py;jumpgate/identity/drivers/core.py;jumpgate/identity/drivers/openstack.py;jumpgate/identity/drivers/sl/__init__.py;jumpgate/identity/drivers/sl/tokens.py;jumpgate/identity/drivers/sl/user.py;jumpgate/image/drivers/openstack.py;jumpgate/image/drivers/sl/__init__.py;jumpgate/image/drivers/sl/images.py;jumpgate/network/drivers/openstack.py;jumpgate/network/drivers/sl/__init__.py;jumpgate/volume/drivers/openstack.py;jumpgate/volume/drivers/sl/__init__.py;jumpgate/volume/drivers/sl/volumes.py;jumpgate/wsgi.py;tests/jumpgate-tests/common/hooks/test_hooks.py;tests/jumpgate-tests/compute/test_availability_zones.py;tests/jumpgate-tests/compute/test_servers.py,29;2;4;6;5;5;6;2;9;5;7;3;5;2;8;10;18;3;1;11;49;13;3;2;69;4;12;3;9;9;20;1;6;86;4;33;2;21;34;6;2;13;30;2;10;2;9;54;15;1;1;11,26;2;5;6;3;3;5;2;5;4;4;3;5;2;7;7;18;2;2;10;34;14;5;2;63;4;12;2;6;7;19;1;5;69;4;22;2;20;26;4;2;14;28;2;10;2;9;45;14;1;2;9
581c4017efd96d5246b148f2c4f230ac6dfbe6a1,Andrew,2014-06-16 17:48:27 -0500,,jumpgate/network/__init__.py;jumpgate/network/drivers/sl/__init__.py;jumpgate/network/drivers/sl/networks.py;jumpgate/network/drivers/sl/subnets.py;setup.py;tests/jumpgate-tests/network/__init__.py;tests/jumpgate-tests/network/test_network.py;tests/jumpgate-tests/network/test_subnet.py,3;4;81;84;15;0;168;148,2;2;7;2;9;0;0;0
5366886fce29c498be656cdf0417211b94a758d1,Dharmesh Bhakta,2014-06-23 13:32:51 -0500,,jumpgate/compute/__init__.py;jumpgate/compute/drivers/sl/__init__.py;jumpgate/compute/drivers/sl/volumes.py,4;3;205,0;0;1
bf277f0ea8dac8164abda1cb3c2e142da633920b,Alan Jiang,2014-06-20 11:44:03 -0500,,jumpgate/volume/drivers/sl/volumes.py;tests/jumpgate-tests/volume/test_volumes.py,36;1,10;0
c20bd2d0e30c9762f836c82417a5a811d3ebe66d,Alan Jiang,2014-06-18 16:31:04 -0500,,jumpgate/common/config.py;jumpgate/volume/drivers/sl/volumes.py;tests/jumpgate-tests/volume/test_volumes.py,2;237;113,0;11;6
1956852f71e526279732eb77b76a035d46846ed2,Alan Jiang,2014-06-13 04:35:31 -0500,,jumpgate/common/config.py;jumpgate/common/error_handling.py;jumpgate/volume/__init__.py;jumpgate/volume/drivers/sl/__init__.py;jumpgate/volume/drivers/sl/volumes.py;setup.py;tests/jumpgate-tests/volume/__init__.py;tests/jumpgate-tests/volume/test_volumes.py,4;4;3;7;190;1;0;169,4;0;1;1;0;1;0;0
b0349ba63c5f5792267d0c24d2c44f43ccb32483,Isaac Karrer,2014-06-13 17:06:52 -0500,,tests/jumpgate-tests/compute/test_servers.py,28,1
22edf2d9b8def3e1872c195ae2aaaf9cc0d5eee4,Dharmesh Bhakta,2014-06-17 05:59:46 -0500,,jumpgate/compute/drivers/sl/availability_zones.py;tests/jumpgate-tests/compute/test_availability_zones.py,1;4,0;1
4fb56d33369842757a17e63eeeca6c47e66a26ad,Harsha,2014-06-16 17:08:14 -0500,,tests/jumpgate-tests/compute/test_availability_zones.py,32,0
226086f3d6e7beed5493dee93a6d626daf6e0c13,Alan Jiang,2014-06-14 20:42:36 -0500,,tests/jumpgate-tests/common/test_dispatchers.py;tests/jumpgate-tests/compute/test_flavors.py;tests/jumpgate-tests/compute/test_servers.py,1;6;1,0;5;3
0f073ac58ea1b6a192a0ae73eb3dffbd5997e849,Dharmesh Bhakta,2014-06-13 01:11:46 -0500,,tests/jumpgate-tests/compute/test_flavors.py,111,0
b79c171e0216e0f6bb685922ae88cfa4e13536a2,njain,2014-06-13 13:31:19 -0500,,jumpgate/compute/drivers/sl/servers.py,1,1
b31272c88c44eae4fe0384da7c9778940dae8db2,njain,2014-06-13 13:11:23 -0500,,jumpgate/compute/drivers/sl/servers.py,4,2
a6c7b726f0b0a4854f8f28d0ca4e8c944ae8eb73,njain,2014-06-13 13:09:40 -0500,,jumpgate/common/config.py;jumpgate/compute/drivers/sl/servers.py,1;1,0;2
acd23de3515ba7fe7b87b1601b22978f7b44a2c1,njain,2014-06-12 12:32:23 -0500,,jumpgate/identity/drivers/sl/tokens.py,1,1
2fed692b0bb2ab82c3d1e8139ce41714be33ae62,njain,2014-06-12 11:55:34 -0500,,jumpgate/identity/drivers/sl/tokens.py,1,1
7f4b03ee9c0f98704f38bc5e0a6152053a9e764f,James A. Lindeman,2014-06-12 09:44:39 -0700,,jumpgate/identity/drivers/sl/tokens.py,1,0
6b46d499be3d3d0dd10ca7c75a8a078a4323f073,Dharmesh Bhakta,2014-06-11 07:20:35 -0500,,jumpgate/common/sl/__init__.py,1,1
fb419356b09dfd2023b0dff22c669b9395bbc29b,Dharmesh Bhakta,2014-06-09 23:21:59 -0500,,jumpgate/compute/drivers/sl/servers.py;tests/jumpgate-tests/common/hooks/__init__.py;tests/jumpgate-tests/compute/__init__.py;tests/jumpgate-tests/compute/test_servers.py,1;0;0;113,1;0;0;0
483a42159c71504bfb6059ae07a51198b87dc47d,Jim Lindeman,2014-05-29 11:16:50 -0700,,jumpgate/common/sl/auth.py;jumpgate/identity/drivers/sl/tokens.py,0;10,1;6
f8f410383daa978270bdf66c8d7b6079f3764caf,Jim Lindeman,2014-05-28 14:33:08 -0700,,jumpgate/common/sl/auth.py;jumpgate/identity/drivers/sl/__init__.py;jumpgate/identity/drivers/sl/tokens.py;jumpgate/identity/drivers/sl/v3.py,9;5;1;15,8;5;1;18
adfdeafde1d6209c3bdfedc707bda338b8b2e6b0,Jim Lindeman,2014-05-28 13:17:41 -0700,,jumpgate/common/sl/auth.py,1,3
0d7ab13158dd2a6531bb3e839edfb4617c7c678b,Jim Lindeman,2014-05-28 12:39:31 -0700,,jumpgate/common/sl/__init__.py;jumpgate/common/sl/auth.py;jumpgate/identity/__init__.py;jumpgate/identity/drivers/sl/__init__.py;jumpgate/identity/drivers/sl/tokens.py;jumpgate/identity/drivers/sl/v3.py;jumpgate/identity/drivers/sl/versions.py,34;134;3;22;9;23;33,0;1;0;2;13;0;0
ec9635d53156eae8761f31bba9efc3d259f093c7,Alan Jiang,2014-05-20 23:38:32 -0500,,jumpgate/compute/drivers/sl/servers.py,0,6
00ba95e79d4a27f325a89d4f20471ebe471eec34,Alan Jiang,2014-05-20 23:35:58 -0500,,jumpgate/compute/drivers/sl/servers.py,4,2
d6d05089bd37ac01ba5b60cd698facf4aac42c8b,Alan Jiang,2014-05-20 23:20:31 -0500,,jumpgate/compute/drivers/sl/servers.py,12,0
b5d69cafe25eb3159c5cc31908f616f715022cce,Alan Jiang,2014-05-20 23:20:31 -0500,,jumpgate/compute/drivers/sl/servers.py,12,0
a743b85336694c966d8071727ca104ea0c3776a9,Kevin McDonald,2014-05-14 16:10:32 -0400,,jumpgate/common/nyi.py,3,3
0681e3b177c4f69ea049595ec808c7c18f0c8a33,Kevin McDonald,2014-05-14 16:03:51 -0400,,jumpgate/compute/drivers/sl/extensions.py;jumpgate/compute/drivers/sl/quota_sets.py;jumpgate/identity/drivers/sl/tokens.py;jumpgate/identity/drivers/sl/versions.py;jumpgate/image/drivers/sl/images.py,2;6;2;8;49,1;3;1;3;15
34840dd9c071c145b56114767fe8f076728978ee,Kevin McDonald,2014-05-13 17:08:55 -0400,,jumpgate/image/drivers/sl/images.py,4,4
bf1def4972164e817b5d343caba7513dfb9e2d72,wpf,2014-04-25 13:56:12 +0800,,jumpgate/identity/drivers/sl/tokens.py,15,2
e616af45397cf04245fca1c3def8422256d542c4,Kevin McDonald,2014-04-24 11:59:18 -0500,,jumpgate/image/drivers/sl/images.py,25,52
1cc284c368f95993b145293fcebc3b1164de4ec4,wpf,2014-04-24 15:46:50 +0800,,jumpgate/network/__init__.py;jumpgate/network/drivers/sl/__init__.py;jumpgate/network/drivers/sl/extensions.py,1;2;6,0;0;0
d7aa4d40361a36de84e89f34f7c50b82b9c3bee9,wpf,2014-04-24 14:16:44 +0800,,jumpgate/network/drivers/sl/networks.py,1,1
48c06b3b161d626865d16d6de48557412e1dfe38,Kevin McDonald,2014-04-17 10:38:57 -0500,,setup.py,0,1
a794f717ba63747af3e07891d7e941e7ff9c8994,Kevin McDonald,2014-04-17 10:36:36 -0500,,jumpgate/wsgi.py;setup.py,18;2,5;0
cbca5be01de8b73720d91c003765850dd74d4196,Kevin McDonald,2014-04-16 09:30:08 -0500,,jumpgate/compute/drivers/sl/servers.py,1,1
7ff5f707bd91d0fe8406b629bf5c9a3343780493,njain,2014-04-15 12:12:57 -0500,,jumpgate/common/config.py,11,0
c708093bfdbcfa8c5b203b30f214322e8a6124cf,njain,2014-04-15 12:11:55 -0500,,jumpgate/compute/drivers/sl/quota_sets.py,12,12
b5215253a9f4c501cf86e68c0cfe6b09f302abda,njain,2014-04-10 09:57:21 -0500,,jumpgate/compute/drivers/sl/servers.py,1,1
9fee8572115fca141c434bcaf5400b2fa4d6d32e,njain,2014-04-09 14:43:48 -0500,,jumpgate/compute/drivers/sl/servers.py,1,0
09ea3bfecd1a9b7e81e87ab652c6b80a1ea3506e,njain,2014-04-09 13:42:37 -0500,,jumpgate/compute/drivers/sl/flavors.py,1,55
7dd7c7508443ae8a2570bd4ea623ff3cef911099,njain,2014-04-09 13:35:36 -0500,,jumpgate/compute/drivers/sl/flavors.py,1,8
b5dc6fce0b890888ae0672fb7f083da4924bb4b3,njain,2014-04-09 13:14:35 -0500,,jumpgate/compute/drivers/sl/flavors.py,3,51
7fee23ae07d6e29719e2d79a74d806a1f0f6032e,njain,2014-04-07 16:08:54 -0500,,jumpgate/compute/drivers/sl/flavors.py,107,5
07dbbf0693cc721ac1b7d309ef6201d5cbe82c5d,Kevin McDonald,2014-04-08 08:32:14 -0500,,jumpgate/compute/drivers/sl/flavors.py,5,107
2c95f7b4db2c03f1d9c336e653470c0d9b9e0a7f,njain,2014-04-07 16:08:54 -0500,,jumpgate/compute/drivers/sl/flavors.py,107,5
d89c975f8ea6e0d920f52887c395dbe8d73a65bc,Nathan Beittenmiller,2014-04-07 16:03:23 -0500,,jumpgate/compute/drivers/sl/flavors.py,2,1
bee521ed1df09fc693e2c12eec2674964ea72165,Nathan Beittenmiller,2014-04-07 15:34:27 -0500,,jumpgate/compute/drivers/sl/flavors.py,4,5
29e17a402d35cde37074bedfb1487a00fe30deb1,njain,2014-04-07 13:10:21 -0500,,jumpgate/compute/drivers/sl/flavors.py,107,5
56d41fd5475105094f89eefa531c906e8899be5e,Nathan Beittenmiller,2014-04-07 10:38:06 -0500,,jumpgate/identity/drivers/sl/tokens.py,2,2
33afde7fbb253ba6e61778278048a4044601b309,Kevin McDonald,2014-04-07 10:21:39 -0500,46,jumpgate/compute/drivers/sl/servers.py,2,1
34e0eab795c24a8e4f1407931ccc20f5aaa0a49f,Kevin McDonald,2014-04-02 14:44:05 -0500,,jumpgate/common/hooks/sl/client.py,7,3
149db781ae771931da09a2a7beb5931470ab996e,Amol Jadhav,2014-03-21 18:14:42 +0530,6,jumpgate/image/__init__.py;jumpgate/image/drivers/sl/__init__.py;jumpgate/image/drivers/sl/images.py,4;4;249,0;1;349
8d17fb3d08294dc418a4b06b9a1c410ee9726d28,boden,2014-03-27 12:12:39 -0400,,jumpgate/common/config.py;jumpgate/compute/drivers/sl/servers.py,2;2,1;1
170dbc8cabbfaca2ec9bfb64091feaed8ddc3bc3,Anil Kumbhar,2014-03-27 16:32:45 +0530,58,jumpgate/identity/drivers/sl/__init__.py;jumpgate/identity/drivers/sl/tokens.py,1;22,1;0
12b8eff0b78cd2928ebc010d0380a83f77179e62,Anil Kumbhar,2014-03-26 15:35:36 +0530,,jumpgate/identity/drivers/sl/user.py,18,18
7d5fd6df41c4823ac4447838c51b9554ba250ec9,Amol Jadhav,2014-03-26 11:02:49 +0530,,jumpgate/common/hooks/sl/timelog.py,1,2
0ca770ff4d4a84fdce11f62df8306f2788f04062,Kevin McDonald,2014-03-25 15:42:01 -0500,,jumpgate/network/__init__.py,2,2
77c14a5a7178cd062482541fb7db1f68383849c4,Kevin McDonald,2014-03-25 15:34:08 -0500,,jumpgate/api.py,1,0
13eccab5d2b22718bfe000bd6d414c9dcaacbf65,Anil Kumbhar,2014-03-25 08:15:32 -0500,,jumpgate/identity/drivers/sl/user.py,36,41
ec7e13e471778400f17bd56919487d59fef253b4,Amol Jadhav,2014-03-25 17:11:31 +0530,,jumpgate/common/hooks/sl/timedclient.py;jumpgate/common/hooks/sl/timelog.py,1;1,1;2
a4a6eb88200ad79ced1622c27f8bde24eff16505,Amol Jadhav,2014-03-25 15:23:27 +0530,10,jumpgate/common/hooks/sl/timedclient.py;jumpgate/common/hooks/sl/timelog.py,19;37,0;0
799520e2f86af5ffd319eaadab8fcc043a9ecc1e,boden,2014-03-24 06:00:18 -0400,,jumpgate/image/drivers/sl/images.py,2,2
b33709088a7ba8468a7cf6f19fbc7f46b459d12c,boden,2014-03-24 05:09:57 -0400,,jumpgate/image/drivers/sl/images.py,2,2
7d317118a9dc814ad305ca09525616f235cbed7e,boden,2014-03-24 05:08:24 -0400,,jumpgate/image/drivers/sl/images.py,8,1
5ad9dff613c8775f05888fd474cc3afb30f68419,boden,2014-03-24 04:27:23 -0400,,jumpgate/image/drivers/sl/images.py,10,3
ac0f856a429aabc77d580e9061a2e7505e501fc6,root,2014-03-21 09:11:00 -0500,,jumpgate/identity/drivers/sl/user.py,0,1
f95d55d854cbd07a65cac05d8ca7e2a935415442,root,2014-03-21 09:01:28 -0500,,jumpgate/identity/drivers/sl/user.py,41,14
88b984964feaa8d5793fb674e48ad2366404a0dc,Amol Jadhav,2014-03-21 13:03:01 +0530,,jumpgate/common/config.py;jumpgate/common/hooks/sl/client.py;jumpgate/identity/drivers/sl/tokens.py,1;2;4,0;1;2
80be823546f7a779f68b132b5d5d14dc5dc948e3,anil k,2014-03-20 09:34:21 -0500,,jumpgate/identity/drivers/sl/user.py,3,3
09429ed95239e4ccc3020df7a50a72eec6713b34,anil k,2014-03-20 09:06:56 -0500,,jumpgate/identity/drivers/sl/user.py,9,6
21a993f3783a75e0b26924ea43aca08ca083a353,anil k,2014-03-20 00:49:50 -0500,,jumpgate/identity/drivers/sl/user.py,2,4
8e12bf94c08bc1bb76e68ee9337ba2b33e0a1e1d,anil kumbhar,2014-03-18 06:39:51 -0500,,jumpgate/identity/drivers/sl/user.py,13,10
49dc133c16c5962b5384e421962d15eb058bc37b,anil kumbhar,2014-03-14 06:50:08 -0500,,jumpgate/identity/drivers/sl/__init__.py;jumpgate/identity/drivers/sl/user.py,2;17,0;0
f23a18ad21865c842f186ccc2341d78ec610cfd6,Amol Jadhav,2014-03-07 14:44:52 +0530,,jumpgate/compute/drivers/sl/servers.py,1,1
1231b0dd1de9a1c076854ebfacd96ca723554fe8,Amol Jadhav,2014-03-06 03:44:45 -0600,,jumpgate/identity/drivers/sl/tokens.py,1,4
4e0a3a24998a872fb118d6b277aa7c6171d78a39,Amol Jadhav,2014-03-05 06:20:55 -0600,,jumpgate/identity/drivers/core.py;jumpgate/identity/drivers/sl/tokens.py,10;4,0;6
4eff1f0c0bf83e4c0e286b94cfd809d00ae6574a,Amol Jadhav,2014-03-05 04:17:48 -0600,,jumpgate/identity/drivers/sl/tokens.py,12,0
f2ff835236f8103bda26671ec141a067368d45a2,Amol Jadhav,2014-03-03 11:39:38 +0530,,jumpgate/compute/drivers/sl/servers.py,1,1
48d1df6965946155a4883191cb9d478308e8a80b,boden,2014-02-28 15:46:25 -0500,,jumpgate/common/hooks/auth_token.py;jumpgate/identity/drivers/core.py,3;3,1;2
6ab6b0f48e04601c429197bd6e7d5f89b3f951e6,Amol Jadhav,2014-02-28 11:49:54 +0530,52,jumpgate/compute/drivers/sl/servers.py,2,0
34c5ea4c5c86348141dac74b37f4297a1a0ab623,Kevin McDonald,2014-02-27 17:38:01 -0600,,jumpgate/compute/drivers/sl/servers.py,3,4
ecdaf04a8c49489ca0607253c1f4bd7a5c93a6e7,boden,2014-02-26 09:23:03 -0500,,jumpgate/identity/drivers/core.py;jumpgate/identity/drivers/sl/tokens.py,4;3,2;3
a09066b1b4c7403b7964b0d261065cbeea596f7f,boden,2014-02-26 08:48:44 -0500,,jumpgate/api.py;jumpgate/common/hooks/__init__.py;jumpgate/identity/drivers/core.py;jumpgate/identity/drivers/sl/tokens.py,6;74;114;17,6;49;9;11
cb61e68163e3646ac80805a8f6532661e3b4f2e2,boden,2014-02-25 11:32:24 -0500,,jumpgate/api.py;jumpgate/common/config.py;jumpgate/common/exceptions.py;jumpgate/common/hooks/__init__.py;jumpgate/common/hooks/auth_token.py;jumpgate/common/sl/auth.py;jumpgate/common/utils.py;jumpgate/identity/__init__.py;jumpgate/identity/drivers/core.py;jumpgate/identity/drivers/sl/tokens.py,8;6;15;78;44;0;32;0;143;55,8;2;0;0;0;22;1;1;0;60
a357eb2bb8d2575e2f2fe821b112168bc5b39d7c,boden,2014-02-24 12:01:29 -0500,,jumpgate/api.py;jumpgate/common/config.py;jumpgate/common/nyi.py;jumpgate/common/sl/__init__.py;jumpgate/common/sl/auth.py;jumpgate/common/utils.py;jumpgate/identity/drivers/sl/tokens.py,11;7;12;0;7;0;51,3;0;5;41;25;11;46
74914e0fa46bb87e891b5cf273afb157354bbfbe,boden,2014-02-20 08:29:15 -0500,,jumpgate/common/utils.py;jumpgate/identity/drivers/sl/tokens.py,1;7,1;5
237b0efe556cd561743b7e1db837fe752d9e6457,boden,2014-02-20 08:08:06 -0500,,jumpgate/common/config.py;jumpgate/common/sl/auth.py;jumpgate/common/utils.py;jumpgate/identity/drivers/sl/tokens.py,2;16;11;45,0;40;0;2
b75372adab57a33fd5f393cdf4b7235595d97c9f,boden,2014-02-17 04:58:55 -0500,,jumpgate/common/sl/auth.py,7,0
aa046e70ee82a3fb7faed4c66e6219eb48e0161b,boden,2014-02-14 11:17:05 -0500,,jumpgate/compute/drivers/sl/servers.py,5,0
6fc8bd98c9309ea948ada4a738a6444674adee9d,boden,2014-02-13 17:05:54 -0500,,jumpgate/compute/drivers/sl/servers.py,1,1
486f245da9e5edf69d514a398ca8d2208536392b,boden,2014-02-13 10:01:59 -0500,,jumpgate/common/sl/__init__.py,2,1
c0387819dd154be49836e602d4eee3189f51d747,boden,2014-02-13 09:08:04 -0500,,jumpgate/common/sl/__init__.py,7,2
c3a41971037310515cfeef2db267d2d4d19f6f2d,Kevin McDonald,2014-02-10 14:44:52 -0600,,jumpgate/compute/drivers/sl/dns.py,3,3
7dede8cc9fa50a6aa5a2f5226ac1288ee708ab09,boden,2014-02-05 15:12:13 -0500,,jumpgate/compute/drivers/sl/servers.py,5,1
55c4e915c7f0d7149cd73891a404547f3c23c3ee,Kevin McDonald,2014-01-31 14:45:43 -0600,,jumpgate/compute/__init__.py;jumpgate/compute/drivers/sl/__init__.py,3;2,0;1
3f4c24ba129df008088e21da17afab8bb0a58e4a,Kevin McDonald,2014-01-31 14:40:35 -0600,,jumpgate/compute/drivers/sl/instance_actions.py;setup.py,47;1,42;0
a5eb395a1486ba38d52225045a66789286364742,Kevin McDonald,2014-01-27 11:40:19 -0600,,jumpgate/compute/drivers/sl/flavors.py,1,1
9afef17cf725df3e90eaae012c9a97cae046b554,Kevin McDonald,2014-01-27 10:08:50 -0600,,jumpgate/identity/__init__.py;jumpgate/identity/drivers/sl/__init__.py;jumpgate/identity/drivers/sl/versions.py,3;2;41,0;0;0
1418ee368f0045d76c4d5479b8a8270c251012d4,Kevin McDonald,2014-01-26 19:19:35 -0600,,jumpgate/api.py,1,2
93ee6bc2516c261ea72b7c7a4a79f5a40a3260e3,Kevin McDonald,2014-01-26 19:15:14 -0600,,jumpgate/api.py;jumpgate/common/error_handling.py;jumpgate/common/exceptions.py;jumpgate/common/sl/errors.py,2;0;5;5,2;4;0;4
d7b0887b7ddc2abd8c98bf6f798c34383d802bd3,Kevin McDonald,2014-01-25 12:01:06 -0600,,setup.py,2,1
bf5c28d9e468931195e5cd8dbbb7096b847a39bc,Kevin McDonald,2014-01-25 11:51:41 -0600,21;22,jumpgate/api.py;jumpgate/common/aes.py;jumpgate/common/config.py;jumpgate/common/error_handling.py;jumpgate/common/exceptions.py;jumpgate/common/nyi.py;jumpgate/common/sl/__init__.py;jumpgate/common/sl/auth.py;jumpgate/common/sl/errors.py;jumpgate/common/utils.py;jumpgate/compute/drivers/sl/flavors.py;jumpgate/compute/drivers/sl/server_ips.py;jumpgate/compute/drivers/sl/servers.py;jumpgate/identity/drivers/sl/tokens.py;jumpgate/wsgi.py,25;25;3;4;17;5;14;55;20;21;5;0;0;48;3,0;0;0;0;0;11;8;58;38;0;5;3;8;36;1
56b214fa5c90f1c5827b69254c5b3c1830520727,Kevin McDonald,2014-01-17 17:10:26 -0600,,jumpgate/api.py;setup.py,1;2,1;1
98e2d38b29e4e31041ce3884b6f5bcc755db486e,Kevin McDonald,2014-01-10 09:29:46 -0600,,jumpgate/common/config.py;jumpgate/wsgi.py,9;3,9;0
72a8dba21492e03c711033853940ac2f3c5fa2bc,Kevin McDonald,2014-01-09 16:37:54 -0600,,jumpgate/common/sl/__init__.py,1,1
2f0a17e0753cf915279bcb4f7538813f2f4262de,Kevin McDonald,2014-01-09 16:23:21 -0600,,jumpgate/common/sl/auth.py;jumpgate/compute/drivers/sl/dns.py;jumpgate/compute/drivers/sl/flavors.py;jumpgate/image/drivers/sl/images.py,8;5;1;6,7;12;1;2
5ee2b1ba5af3fb3fda0cbf2527aa1725e0c10ef8,Kevin McDonald,2014-01-08 17:28:57 -0600,,jumpgate/common/sl/errors.py,2,0
6ad3b8c4a3398691a658af37b5f7ffd59e1d7e6a,Kevin McDonald,2013-12-09 16:52:01 -0600,,jumpgate/baremetal/__init__.py;jumpgate/common/openstack.py;jumpgate/common/sl/__init__.py;jumpgate/common/sl/errors.py;jumpgate/compute/drivers/sl/dns.py;jumpgate/compute/drivers/sl/keypairs.py;jumpgate/identity/drivers/sl/tokens.py;jumpgate/image/drivers/sl/images.py;jumpgate/network/drivers/sl/networks.py;jumpgate/network/drivers/sl/subnets.py,2;2;1;1;1;1;5;11;14;1,1;2;1;1;1;1;4;9;18;1
8488ee602d3162274e9ea4e5f64925d39dd66aec,Kevin McDonald,2013-12-09 08:14:36 -0600,,jumpgate/compute/__init__.py;jumpgate/compute/drivers/sl/__init__.py;jumpgate/compute/drivers/sl/server_ips.py;run_tempest_tests.py,4;4;53;1,3;0;0;3
5df4bb98f4a80df215467025d761f6f6aef22331,Kevin McDonald,2013-12-06 20:35:36 -0600,,jumpgate/common/sl/errors.py,8,5
243805d94454ff4c647059e5657e924c45c3c456,Kevin McDonald,2013-12-02 16:09:55 -0600,,jumpgate/compute/drivers/sl/__init__.py;jumpgate/compute/drivers/sl/extensions.py,2;21,1;12
bd6eb2bb846b2b7ad22de974a9a758c52842700f,Kevin McDonald,2013-12-02 13:44:23 -0600,,jumpgate/compute/drivers/sl/servers.py;jumpgate/identity/drivers/sl/__init__.py;jumpgate/identity/drivers/sl/tokens.py,2;4;2,2;0;0
2f9c8bb69e7872dea471ddda0c6540091c81c556,Kevin McDonald,2013-11-24 21:39:35 -0600,,jumpgate/common/openstack.py,22,3
e7f99eef087a87d08d38d98a9e16ea1bb03a7dac,Kevin McDonald,2013-11-24 19:34:12 -0600,,jumpgate/common/openstack.py,6,6
0301a22ca3e2f357a73bfdd62db3bd5669038700,Kevin McDonald,2013-11-24 13:33:53 -0600,,jumpgate/baremetal/drivers/openstack.py;jumpgate/compute/drivers/openstack.py;jumpgate/identity/drivers/openstack.py;jumpgate/image/drivers/openstack.py;jumpgate/network/drivers/openstack.py;jumpgate/volume/drivers/openstack.py,1;1;1;1;1;1,1;1;1;1;1;1
ff03defa5280f776c4666ba859d9634418be5db2,Kevin McDonald,2013-11-23 23:49:04 -0600,,jumpgate/api.py;jumpgate/baremetal/drivers/openstack.py;jumpgate/compute/drivers/openstack.py;jumpgate/compute/drivers/sl/dns.py;jumpgate/identity/drivers/openstack.py;jumpgate/image/drivers/openstack.py;jumpgate/network/drivers/openstack.py;jumpgate/volume/drivers/openstack.py;run_tempest_tests.py,2;1;1;1;1;1;1;1;6,5;1;1;1;1;1;1;1;6
f9fca13fbe8eba787821706ce947885b78fd850b,Kevin McDonald,2013-11-23 10:01:17 -0600,,run_tempest_tests.py,4,5
12607e0296cb3867d9cd948a87baf9d63bf90605,Kevin McDonald,2013-11-23 09:53:30 -0600,,jumpgate/api.py;jumpgate/identity/drivers/sl/__init__.py;jumpgate/identity/drivers/sl/tokens.py;jumpgate/network/drivers/openstack.py;jumpgate/volume/drivers/openstack.py;jumpgate/wsgi.py,4;7;2;5;5;21,15;1;7;0;0;2
8f5ff7a11b4db13447c9a24f4eade834a59ba162,Kevin McDonald,2013-11-22 19:07:59 -0600,,jumpgate/api.py;jumpgate/baremetal/drivers/__init__.py,9;0,7;0
167ad0c452c13604987d5eec6aa5d8201582107c,Kevin McDonald,2013-11-21 23:28:18 -0600,,jumpgate/baremetal/__init__.py,0,2
9ca4fed73f3399c4a3ed7c417ab8a038850ba250,Kevin McDonald,2013-11-21 22:52:10 -0600,,jumpgate/api.py;jumpgate/baremetal/__init__.py;jumpgate/baremetal/drivers/sl/__init__.py;jumpgate/common/config.py;jumpgate/common/dispatcher.py;jumpgate/common/sl/__init__.py;jumpgate/compute/__init__.py;jumpgate/compute/drivers/sl/__init__.py;jumpgate/identity/__init__.py;jumpgate/identity/drivers/sl/__init__.py;jumpgate/identity/drivers/sl/tokens.py;jumpgate/image/__init__.py;jumpgate/image/drivers/sl/__init__.py;jumpgate/image/drivers/sl/images.py;jumpgate/network/__init__.py;jumpgate/network/drivers/sl/__init__.py,24;3;1;23;11;1;11;14;2;1;69;1;1;20;1;1,20;5;1;9;3;0;5;1;7;1;61;10;4;9;5;1
a448ea40d620f724b5f60a173f5003c98b63ce32,Kevin McDonald,2013-11-21 07:57:21 -0600,,jumpgate/common/sl/auth.py;jumpgate/common/sl/errors.py;jumpgate/image/drivers/sl/images.py,24;31;82,20;26;81
36f398eaa788f57bd37f771b0c939bc64f44317b,Kevin McDonald,2013-11-20 17:54:30 -0600,,jumpgate/api.py;jumpgate/common/config.py;jumpgate/common/nyi.py;jumpgate/common/sl/__init__.py;jumpgate/config.py;setup.py,31;34;10;10;4;7,34;0;14;4;0;2
580a6dc978db6184956ebefd6e4b4071149d2cc4,Kevin McDonald,2013-11-20 08:26:03 -0600,,jumpgate/__init__.py;jumpgate/api.py;jumpgate/baremetal/__init__.py;jumpgate/baremetal/drivers/sl/__init__.py;jumpgate/common/dispatcher.py;jumpgate/common/sl/__init__.py;jumpgate/compute/__init__.py;jumpgate/compute/drivers/sl/__init__.py;jumpgate/identity/__init__.py;jumpgate/identity/drivers/sl/__init__.py;jumpgate/image/__init__.py;jumpgate/image/drivers/sl/__init__.py;jumpgate/network/__init__.py;jumpgate/network/drivers/sl/__init__.py,6;6;2;4;4;4;2;4;2;3;2;3;2;3,0;10;2;0;3;3;2;0;2;0;2;0;2;0
f0d9ff94420dbcf38302a7225cb995ab35baf15f,Kevin McDonald,2013-11-19 20:36:30 -0600,,jumpgate/api.py;jumpgate/baremetal/drivers/sl/__init__.py;jumpgate/common/__init__.py;jumpgate/common/dispatcher.py;jumpgate/common/error_handling.py;jumpgate/common/utils.py;jumpgate/compute/drivers/__init__.py;jumpgate/compute/drivers/sl/__init__.py;jumpgate/identity/drivers/__init__.py;jumpgate/identity/drivers/sl/__init__.py;jumpgate/image/drivers/__init__.py;jumpgate/image/drivers/sl/__init__.py;jumpgate/network/drivers/__init__.py;jumpgate/network/drivers/sl/__init__.py;jumpgate/wsgi.py,19;1;0;4;8;6;0;18;0;3;0;2;0;3;3,36;1;0;5;10;0;0;21;0;3;0;4;0;3;0
e82852a8905b6013c5b4c7d3d9a9973a95facc69,Kevin McDonald,2013-11-19 10:12:42 -0600,,jumpgate/api.py;jumpgate/baremetal/__init__.py;jumpgate/baremetal/drivers/sl/__init__.py;jumpgate/common/dispatcher.py;jumpgate/compute/__init__.py;jumpgate/compute/drivers/sl/__init__.py;jumpgate/identity/__init__.py;jumpgate/identity/drivers/sl/__init__.py;jumpgate/image/__init__.py;jumpgate/image/drivers/sl/__init__.py;jumpgate/network/__init__.py;jumpgate/network/drivers/sl/__init__.py,80;27;3;11;153;36;112;7;26;14;8;4,45;25;7;19;168;58;110;14;30;18;6;8
c238205d715c0b95437995d5a205873452356256,Kevin McDonald,2013-11-14 11:12:45 -0600,,jumpgate/baremetal/__init__.py;jumpgate/baremetal/drivers/sl/__init__.py;jumpgate/baremetal/drivers/sl/nodes.py;setup.py,38;10;39;1,0;0;0;1
fb06f05ddddc0aed39f72447a589f985b1d5403c,Nathan Beittenmiller,2013-10-24 10:46:10 -0500,,setup.py,1,1
76c698e7c3e4feff7657ac9ee3d29bee59e66c2c,Kevin McDonald,2013-10-07 09:40:41 -0500,,setup.py,21,0
9d8976894ac1b68fff6478cccb24306bfc9c7797,Kevin McDonald,2013-09-26 14:30:46 -0500,,run_tempest_tests.py,3,2
8ff606d7973111493ca58a744e325fd8f3bf4cc9,Kevin McDonald,2013-09-24 15:27:17 -0500,,run_tempest_tests.py,84,0
