30e7c97ab1ae1b544b529fdae6ac7ccebb9d60fb,Rob Falck,2019-03-12 14:50:52 -0400,145,dymos/examples/brachistochrone/test/test_doc_brachistochrone_implicit_recorder.py;dymos/examples/brachistochrone/test/test_doc_brachistochrone_polynomial_controls.py;dymos/examples/brachistochrone/test/test_ex_brachistochrone.py;dymos/examples/cannonball/test/test_two_phase_cannonball_for_docs.py;dymos/examples/finite_burn_orbit_raise/test/test_doc_two_burn_orbit_raise.py;dymos/phases/components/__init__.py;dymos/phases/components/control_group.py;dymos/phases/components/control_interp_comp.py;dymos/phases/components/path_constraint_comp.py;dymos/phases/components/polynomial_control_group.py;dymos/phases/components/tests/test_control_interp_comp.py;dymos/phases/components/tests/test_polynomial_control_group.py;dymos/phases/components/timeseries_output_comp.py;dymos/phases/optimizer_based/gauss_lobatto_phase.py;dymos/phases/optimizer_based/optimizer_based_phase_base.py;dymos/phases/optimizer_based/radau_pseudospectral_phase.py;dymos/phases/options.py;dymos/phases/phase_base.py;dymos/phases/runge_kutta/runge_kutta_phase.py;dymos/phases/simulation/ode_integration_interface.py;dymos/phases/simulation/odeint_control_interpolation_comp.py;dymos/phases/simulation/segment_simulation_comp.py;dymos/phases/simulation/simulation_phase.py;dymos/phases/tests/test_time_targets.py;dymos/trajectory/trajectory.py,1;1562;1;1;1;3;297;0;5;244;1;990;4;118;34;109;90;248;152;43;31;2;48;3;1,15;0;4;1;1;1;0;1;1;0;1;0;2;7;22;6;0;90;28;20;2;0;1;3;1
6e2769e7ace4d0d3a4817cd5b0b17428677add98,Rob Falck,2019-03-12 13:35:23 -0400,148,dymos/examples/aircraft_steady_flight/test/test_aircraft_cruise.py;dymos/examples/brachistochrone/test/test_brachistochrone_vector_boundary_constraints.py;dymos/examples/brachistochrone/test/test_brachistochrone_vector_path_constraints.py;dymos/examples/min_time_climb/ex_min_time_climb.py;dymos/examples/min_time_climb/test/test_ex_min_time_climb.py;dymos/phases/components/boundary_constraint_comp.py;dymos/phases/components/path_constraint_comp.py;dymos/phases/components/tests/test_boundary_constraint_comp.py;dymos/phases/optimizer_based/gauss_lobatto_phase.py;dymos/phases/optimizer_based/optimizer_based_phase_base.py;dymos/phases/optimizer_based/radau_pseudospectral_phase.py;dymos/phases/phase_base.py;dymos/phases/runge_kutta/components/runge_kutta_path_constraint_comp.py;dymos/phases/runge_kutta/runge_kutta_phase.py,83;291;1077;1;0;12;30;2;8;1;38;84;7;6,1;0;0;1;3;10;14;2;2;2;32;11;0;2
6256e19add9efc51806113c51d167a93d4d7cb13,Rob Falck,2019-03-12 12:00:59 -0400,139,dymos/examples/battery_multibranch/test/test_multibranch_trajectory.py;dymos/examples/brachistochrone/ex_brachistochrone_vector_states.py;dymos/examples/brachistochrone/test/test_doc_brachistochrone_rk4.py;dymos/examples/brachistochrone/test/test_ex_brachistochrone_vector_states.py;dymos/examples/finite_burn_orbit_raise/test/test_two_burn_orbit_raise_linkages.py;dymos/phases/optimizer_based/optimizer_based_phase_base.py;dymos/phases/options.py;dymos/phases/phase_base.py;dymos/phases/runge_kutta/components/runge_kutta_k_iter_group.py;dymos/phases/runge_kutta/components/runge_kutta_state_advance_comp.py;dymos/phases/runge_kutta/components/runge_kutta_state_continuity_comp.py;dymos/phases/runge_kutta/components/runge_kutta_state_continuity_iter_group.py;dymos/phases/runge_kutta/components/runge_kutta_state_predict_comp.py;dymos/phases/runge_kutta/components/test/test_rk_continuity_comp.py;dymos/phases/runge_kutta/components/test/test_rk_continuity_iter_group.py;dymos/phases/runge_kutta/components/test/test_rk_k_iter_group.py;dymos/phases/runge_kutta/components/test/test_rk_state_advance_comp.py;dymos/phases/runge_kutta/components/test/test_rk_state_predict_comp.py;dymos/phases/runge_kutta/runge_kutta_phase.py;dymos/phases/runge_kutta/test/test_rk4_simple_integration.py;dymos/tests/test_pep8.py;dymos/trajectory/trajectory.py;dymos/utils/testing_utils.py,256;3;11;60;235;4;0;1;2;1;49;12;1;243;15;18;4;4;33;85;1;1;45,1;0;11;0;0;1;5;5;9;1;36;18;1;54;15;18;8;4;51;9;1;2;0
d82b88047fc56bb6d2d701d3b850aead2b3e48ea,Kenneth Moore,2019-03-11 14:33:29 -0400,132,dymos/examples/battery_multibranch/__init__.py;dymos/examples/battery_multibranch/batteries.py;dymos/examples/battery_multibranch/battery_multibranch_ode.py;dymos/examples/battery_multibranch/ex_battery_multibranch.py;dymos/examples/battery_multibranch/motors.py;dymos/examples/battery_multibranch/test/__init__.py;dymos/examples/battery_multibranch/test/test_multibranch_trajectory.py;dymos/examples/battery_multibranch/test/test_multibranch_trajectory_for_docs.py;dymos/examples/brachistochrone/test/test_doc_brachistochrone_rk4.py;dymos/examples/cannonball/test/test_two_phase_cannonball_for_docs.py;dymos/examples/finite_burn_orbit_raise/ex_two_burn_orbit_raise.py;dymos/examples/finite_burn_orbit_raise/test/test_ex_two_burn_orbit_raise.py;dymos/phases/optimizer_based/components/__init__.py;dymos/phases/optimizer_based/components/collocation_comp.py;dymos/phases/optimizer_based/components/state_independents.py;dymos/phases/optimizer_based/components/test/test_collocation_defect_opt.py;dymos/phases/optimizer_based/components/test/test_collocation_defect_sol_opt.py;dymos/phases/optimizer_based/components/test/test_collocation_defect_solver.py;dymos/phases/optimizer_based/optimizer_based_phase_base.py;dymos/phases/options.py;dymos/phases/phase_base.py;dymos/phases/runge_kutta/components/runge_kutta_state_continuity_comp.py;dymos/phases/runge_kutta/components/test/test_rk_continuity_comp.py;dymos/phases/runge_kutta/components/test/test_rk_continuity_iter_group.py;dymos/phases/runge_kutta/runge_kutta_phase.py;dymos/phases/runge_kutta/test/test_rk4_simple_integration.py;dymos/trajectory/trajectory.py,0;129;69;189;75;0;463;168;3;4;119;29;1;50;220;4;14;20;36;6;10;2;6;2;8;1;62,0;0;0;0;0;0;0;0;3;0;49;0;0;228;0;2;7;10;30;2;5;2;6;2;8;1;23
6a4016cec6170d27fa87e0e94066a17edcf17cb0,Rob Falck,2019-03-04 07:48:34 -0500,141,dymos/phases/optimizer_based/radau_pseudospectral_phase.py;dymos/phases/phase_base.py;dymos/phases/tests/test_sized_input_parameters.py,1;0;146,1;3;0
392c5ff06586359eebde39ceb15aff89a3766d89,Rob Falck,2019-02-28 09:31:56 -0500,137,dymos/phases/simulation/simulation_phase.py;dymos/utils/misc.py,4;0,4;24
7ac857986fb757c7678a248c5d9265403339af72,Rob Falck,2019-02-27 21:03:03 -0500,136,dymos/examples/brachistochrone/test/test_doc_brachistochrone_rk4.py;dymos/phases/options.py;dymos/phases/phase_base.py;dymos/phases/runge_kutta/components/runge_kutta_state_continuity_comp.py;dymos/phases/runge_kutta/components/runge_kutta_state_continuity_iter_group.py;dymos/phases/runge_kutta/components/test/test_rk_continuity_comp.py;dymos/phases/runge_kutta/components/test/test_rk_continuity_iter_group.py;dymos/phases/runge_kutta/runge_kutta_phase.py;dymos/phases/runge_kutta/test/test_rk4_simple_integration.py,4;5;5;3;1;13;2;14;3,5;0;1;8;7;15;2;15;4
e4e5da77725da7bf9b0c56b74f226cd6dcaa413d,Rob Falck,2019-02-26 11:23:15 -0500,131,dymos/ode_options.py;dymos/phases/optimizer_based/gauss_lobatto_phase.py;dymos/phases/optimizer_based/radau_pseudospectral_phase.py;dymos/phases/options.py;dymos/phases/phase_base.py;dymos/phases/runge_kutta/runge_kutta_phase.py;dymos/phases/simulation/ode_integration_interface.py;dymos/phases/simulation/segment_simulation_comp.py;dymos/phases/simulation/simulation_phase.py;dymos/phases/tests/test_time_targets.py,42;14;10;8;4;12;11;21;24;313,6;0;0;0;0;0;14;17;1;0
b7850b2e7123ef56e4a8fc0f83419a21e9be7343,Rob Falck,2019-02-25 21:39:09 -0500,130,dymos/phases/options.py;dymos/phases/phase_base.py;dymos/phases/tests/test_input_parameter_connections.py;dymos/phases/tests/test_set_time_options.py,2;9;3;37,2;7;4;0
08f41d3843d9ca5f6f765b0f8e1ce717dc0380ce,Rob Falck,2019-02-25 20:18:07 -0500,129,dymos/__init__.py;dymos/examples/brachistochrone/test/test_brachistochrone_integrated_control.py;dymos/examples/brachistochrone/test/test_doc_brachistochrone_rk4.py;dymos/phases/components/__init__.py;dymos/phases/components/continuity_comp.py;dymos/phases/components/control_interp_comp.py;dymos/phases/components/path_constraint_comp.py;dymos/phases/components/tests/test_continuity_comp.py;dymos/phases/components/tests/test_control_interp_comp.py;dymos/phases/components/tests/test_path_constraint_comp.py;dymos/phases/components/tests/test_time_comp.py;dymos/phases/components/time_comp.py;dymos/phases/components/timeseries_output_comp.py;dymos/phases/grid_data.py;dymos/phases/optimizer_based/optimizer_based_phase_base.py;dymos/phases/phase_base.py;dymos/phases/phase_factory.py;dymos/phases/runge_kutta/components/__init__.py;dymos/phases/runge_kutta/components/runge_kutta_control_continuity_comp.py;dymos/phases/runge_kutta/components/runge_kutta_k_comp.py;dymos/phases/runge_kutta/components/runge_kutta_k_iter_group.py;dymos/phases/runge_kutta/components/runge_kutta_path_constraint_comp.py;dymos/phases/runge_kutta/components/runge_kutta_state_advance_comp.py;dymos/phases/runge_kutta/components/runge_kutta_state_continuity_comp.py;dymos/phases/runge_kutta/components/runge_kutta_state_continuity_iter_group.py;dymos/phases/runge_kutta/components/runge_kutta_state_predict_comp.py;dymos/phases/runge_kutta/components/runge_kutta_stepsize_comp.py;dymos/phases/runge_kutta/components/runge_kutta_timeseries_comp.py;dymos/phases/runge_kutta/components/test/test_rk_continuity_comp.py;dymos/phases/runge_kutta/components/test/test_rk_continuity_iter_group.py;dymos/phases/runge_kutta/components/test/test_rk_k_comp.py;dymos/phases/runge_kutta/components/test/test_rk_k_iter_group.py;dymos/phases/runge_kutta/components/test/test_rk_path_constraint_comp.py;dymos/phases/runge_kutta/components/test/test_rk_state_advance_comp.py;dymos/phases/runge_kutta/components/test/test_rk_state_predict_comp.py;dymos/phases/runge_kutta/components/test/test_rk_stepsize_comp.py;dymos/phases/runge_kutta/test/rk_test_ode.py;dymos/phases/runge_kutta/test/test_rk4_simple_integration.py;dymos/phases/simulation/ode_integration_interface.py;dymos/phases/simulation/simulation_phase.py;dymos/phases/simulation/test/test_simulation_phase.py;dymos/phases/tests/test_timeseries.py;dymos/utils/rk_methods.py,1;0;498;1;0;10;0;1;103;1;6;23;0;62;15;7;2;8;50;81;89;59;91;126;109;108;46;47;385;186;182;209;79;154;249;69;34;79;5;18;126;0;27,1;125;0;2;129;6;61;129;4;87;2;22;12;6;1;11;2;0;0;0;0;0;0;0;0;0;0;0;0;0;0;0;0;0;0;0;0;0;3;11;3;109;0
3c37bb6b233839bfb2eb8d73d7d96c71383aed87,Rob Falck,2019-02-22 15:01:40 -0500,127,benchmark/benchmark_brachistochrone.py;dymos/examples/ssto/ex_ssto_moon_linear_tangent.py;dymos/phases/optimizer_based/gauss_lobatto_phase.py;dymos/phases/optimizer_based/radau_pseudospectral_phase.py;dymos/phases/phase_base.py;dymos/phases/tests/test_input_parameter_connections.py,4;1;22;7;2;92,28;1;23;16;1;0
85aff173d40541cc823b53f32e33f61b611187e6,Justin Gray,2019-02-21 08:34:46 -0500,121,dymos/examples/aircraft_steady_flight/ex_aircraft_steady_flight.py;dymos/examples/aircraft_steady_flight/test/test_doc_aircraft_steady_flight.py;dymos/examples/aircraft_steady_flight/test/test_ex_aircraft_steady_flight.py;dymos/examples/brachistochrone/ex_brachistochrone.py;dymos/examples/brachistochrone/ex_brachistochrone_vector_states.py;dymos/examples/brachistochrone/test/test_ex_brachistochrone_vector_states.py;dymos/examples/min_time_climb/ex_min_time_climb.py;dymos/examples/min_time_climb/min_time_climb_ode.py;dymos/models/eom/flight_path_eom_2d.py;dymos/models/eom/test/test_flight_path_eom_2d.py;dymos/ode_options.py;dymos/phases/components/continuity_comp.py;dymos/phases/grid_data.py;dymos/phases/optimizer_based/components/collocation_comp.py;dymos/phases/optimizer_based/components/test/test_collocation_defect_sol_opt.py;dymos/phases/optimizer_based/components/test/test_collocation_defect_solver.py;dymos/phases/optimizer_based/optimizer_based_phase_base.py;dymos/phases/options.py;dymos/phases/phase_base.py,55;6;9;12;9;118;3;0;9;8;3;10;11;236;142;218;98;4;12,34;9;2;9;5;5;3;4;0;14;1;2;1;54;0;0;59;0;6
b3f8bc340af52c977917d9b085c862f4bf0891f4,Rob Falck,2019-02-09 19:43:18 -0500,118,benchmark/benchmark_brachistochrone.py;dymos/__init__.py;dymos/docs/conf.py;dymos/docs/user_guide/phases/transcriptions/figures/gauss-lobatto/plot_high_order_gauss_lobatto.py;dymos/docs/user_guide/phases/transcriptions/figures/radau-pseudospectral/plot_radau-pseudospectral.py;dymos/examples/aircraft_steady_flight/ex_aircraft_steady_flight.py;dymos/examples/aircraft_steady_flight/test/test_aircraft_cruise.py;dymos/examples/aircraft_steady_flight/test/test_aircraft_ode.py;dymos/examples/aircraft_steady_flight/test/test_doc_aircraft_steady_flight.py;dymos/examples/aircraft_steady_flight/test/test_ex_aircraft_steady_flight.py;dymos/examples/brachistochrone/ex_brachistochrone.py;dymos/examples/brachistochrone/ex_brachistochrone_vector_states.py;dymos/examples/brachistochrone/test/test_brachistochrone_integrated_control.py;dymos/examples/brachistochrone/test/test_doc_brach_run_simul_derivs.py;dymos/examples/brachistochrone/test/test_doc_brach_run_without_simul_derivs.py;dymos/examples/brachistochrone/test/test_doc_brachistochrone.py;dymos/examples/brachistochrone/test/test_doc_brachistochrone_implicit_recorder.py;dymos/examples/brachistochrone/test/test_ex_brachistochrone.py;dymos/examples/brachistochrone/test/test_ex_brachistochrone_vector_states.py;dymos/examples/brachistochrone/test/test_path_constraints.py;dymos/examples/cannonball/test/test_two_phase_cannonball_for_docs.py;dymos/examples/double_integrator/ex_double_integrator.py;dymos/examples/double_integrator/test/test_doc_double_integrator.py;dymos/examples/double_integrator/test/test_ex_double_integrator.py;dymos/examples/finite_burn_orbit_raise/ex_two_burn_orbit_raise.py;dymos/examples/finite_burn_orbit_raise/test/test_doc_two_burn_orbit_raise.py;dymos/examples/min_time_climb/ex_min_time_climb.py;dymos/examples/min_time_climb/min_time_climb_ode.py;dymos/examples/min_time_climb/test/test_doc_min_time_climb.py;dymos/examples/min_time_climb/test/test_ex_min_time_climb.py;dymos/examples/ssto/ex_ssto_earth.py;dymos/examples/ssto/ex_ssto_moon.py;dymos/examples/ssto/ex_ssto_moon_linear_tangent.py;dymos/examples/ssto/test/test_ex_ssto_earth.py;dymos/examples/ssto/test/test_ex_ssto_moon.py;dymos/examples/ssto/test/test_ex_ssto_moon_linear_tangent.py;dymos/models/atmosphere/atmos_1976.py;dymos/models/eom/test/test_flight_path_eom_2d.py;dymos/phases/components/__init__.py;dymos/phases/components/continuity_comp.py;dymos/phases/components/input_parameter_comp.py;dymos/phases/components/path_constraint_comp.py;dymos/phases/components/tests/test_continuity_comp.py;dymos/phases/components/tests/test_endpoint_conditions_comp.py;dymos/phases/components/timeseries_output_comp.py;dymos/phases/grid_data.py;dymos/phases/optimizer_based/gauss_lobatto_phase.py;dymos/phases/optimizer_based/optimizer_based_phase_base.py;dymos/phases/optimizer_based/radau_pseudospectral_phase.py;dymos/phases/options.py;dymos/phases/phase_base.py;dymos/phases/simulation/ode_integration_interface.py;dymos/phases/simulation/segment_simulation_comp.py;dymos/phases/simulation/simulation_phase.py;dymos/phases/simulation/simulation_state_mux_comp.py;dymos/phases/simulation/simulation_timeseries_comp.py;dymos/phases/simulation/simulation_trajectory.py;dymos/phases/simulation/test/test_simulation_phase.py;dymos/phases/tests/test_phase_base.py;dymos/phases/tests/test_set_time_options.py;dymos/phases/tests/test_timeseries.py;dymos/trajectory/test/test_trajectory.py;dymos/trajectory/trajectory.py;setup.py,18;1;1;3;3;20;6;1;23;2;16;13;9;2;2;7;2;17;35;8;57;20;9;8;48;111;37;4;22;4;2;4;3;30;24;12;9;17;2;154;7;2;7;2;283;9;141;8;133;2;227;287;184;570;54;42;140;245;10;1;284;7;96;1,14;2;3;3;3;73;5;2;21;4;19;15;10;3;3;15;3;20;23;10;49;10;9;12;27;76;34;0;21;9;3;5;2;44;28;11;11;11;0;97;2;2;7;3;0;2;127;211;100;5;44;0;0;0;0;0;0;0;9;2;0;35;170;1
3c3087095385d3239280179bf4785970fdf97165,Eliot Aretskin-Hariton,2019-02-08 11:29:53 -0500,117,dymos/examples/aircraft_steady_flight/aircraft_ode.py;dymos/examples/aircraft_steady_flight/ex_aircraft_steady_flight.py;dymos/examples/aircraft_steady_flight/test/test_aircraft_cruise.py;dymos/examples/aircraft_steady_flight/test/test_doc_aircraft_steady_flight.py;dymos/examples/aircraft_steady_flight/test/test_ex_aircraft_steady_flight.py;dymos/examples/cannonball/cannonball_ode.py;dymos/examples/min_time_climb/min_time_climb_ode.py;dymos/models/atmosphere/__init__.py;dymos/models/atmosphere/atmos_1976.py;dymos/models/atmosphere/test/test_atmos.py,2;18;1;5;2;2;2;1;181;14,2;15;2;5;2;2;2;1;0;7
f2353933fa38caf930a0a7c259ede767a93e5768,Rob Falck,2018-12-21 15:24:49 -0500,108,dymos/ode_options.py;dymos/tests/test_ode_options.py,5;17,0;0
5c7cf1b61d997a1d4b4a0ca40342e8cbf2e5afec,Rob Falck,2018-12-21 09:23:08 -0500,106,dymos/examples/brachistochrone/ex_brachistochrone.py;dymos/examples/cannonball/test/test_two_phase_cannonball_for_docs.py;dymos/ode_options.py;dymos/phases/components/time_comp.py;dymos/phases/optimizer_based/gauss_lobatto_phase.py;dymos/phases/optimizer_based/optimizer_based_phase_base.py;dymos/phases/optimizer_based/radau_pseudospectral_phase.py;dymos/phases/options.py;dymos/phases/phase_base.py,3;1;3;7;21;5;17;4;6,3;1;0;5;0;0;0;0;1
7d1846a3c16c4e1bbf73fc8945ba35f77a3aac6a,Rob Falck,2018-11-29 15:15:15 -0500,103,dymos/examples/aircraft_steady_flight/aircraft_ode.py;dymos/examples/aircraft_steady_flight/ex_aircraft_steady_flight.py;dymos/examples/aircraft_steady_flight/test/test_aircraft_cruise.py;dymos/examples/aircraft_steady_flight/test/test_doc_aircraft_steady_flight.py;dymos/examples/aircraft_steady_flight/test/test_ex_aircraft_steady_flight.py;dymos/examples/brachistochrone/brachistochrone_vector_states_ode.py;dymos/examples/brachistochrone/ex_brachistochrone_vector_states.py;dymos/examples/brachistochrone/test/test_brachistochrone_vector_states_ode.py;dymos/examples/brachistochrone/test/test_ex_brachistochrone_vector_states.py;dymos/examples/double_integrator/double_integrator_ode.py;dymos/examples/double_integrator/ex_double_integrator.py;dymos/examples/double_integrator/test/test_doc_double_integrator.py;dymos/examples/double_integrator/test/test_ex_double_integrator.py;dymos/examples/finite_burn_orbit_raise/test/test_finite_burn_eom.py;dymos/examples/min_time_climb/ex_min_time_climb.py;dymos/ode_options.py;dymos/phases/components/continuity_comp.py;dymos/phases/components/tests/test_continuity_comp.py;dymos/phases/components/tests/test_path_constraint_comp.py;dymos/phases/optimizer_based/gauss_lobatto_phase.py;dymos/phases/optimizer_based/optimizer_based_phase_base.py;dymos/phases/optimizer_based/radau_pseudospectral_phase.py;dymos/phases/options.py;dymos/phases/phase_base.py;dymos/tests/test_ode_options.py;dymos/utils/indexing.py;dymos/utils/interpolate.py;dymos/utils/test/test_indexing.py;dymos/utils/test/test_misc.py,3;12;4;8;0;78;120;43;94;15;15;1;6;86;3;6;99;42;5;10;24;53;6;18;5;40;21;42;27,1;14;3;10;3;0;0;0;0;25;3;1;5;0;3;23;154;35;5;4;13;13;0;9;0;0;8;0;0
19978995d6abf11eea9227b097a7bdfe10afbf00,swryan,2018-11-01 13:29:23 -0400,,dymos/examples/brachistochrone/test/test_doc_brachistochrone_implicit_recorder.py,4,2
aafbcb0f8cb14669f03071a963a29cc0cd8632bf,Rob Falck,2018-10-22 14:12:29 -0400,,dymos/examples/brachistochrone/test/test_brachistochrone_integrated_control.py;dymos/phases/optimizer_based/gauss_lobatto_phase.py;dymos/phases/optimizer_based/radau_pseudospectral_phase.py;dymos/phases/phase_base.py,332;52;42;21,0;6;20;0
2a6259bd108bfc1ed98449e3da3012280da3ffee,Rob Falck,2018-10-18 16:21:49 -0400,,dymos/phases/components/continuity_comp.py;dymos/phases/grid_data.py,12;16,5;7
307502c8a79a0d319683c780b53dae02bf21c1b4,Rob Falck,2018-10-18 12:45:58 -0400,,dymos/examples/cannonball/test/test_two_phase_cannonball_for_docs.py;dymos/examples/min_time_climb/ex_min_time_climb.py;dymos/phases/components/continuity_comp.py;dymos/phases/components/path_constraint_comp.py;dymos/phases/components/tests/test_continuity_comp.py;dymos/trajectory/trajectory.py,4;2;121;1;127;5,14;3;0;1;2;2
7e40d57245a980c6838e7736e628298cc8539f5c,Rob Falck,2018-10-17 11:20:12 -0400,,dymos/examples/min_time_climb/ex_min_time_climb.py;dymos/phases/components/__init__.py;dymos/phases/components/path_constraint_comp.py;dymos/phases/components/tests/test_path_constraint_comp.py,5;2;63;87,4;1;0;1
0dc074c59e32e383a0752efdb2ece3ec94514eef,Rob Falck,2018-10-16 14:21:09 -0400,,dymos/examples/cannonball/test/test_two_phase_cannonball_for_docs.py;dymos/phases/components/endpoint_conditions_comp.py;dymos/phases/components/tests/test_endpoint_conditions_comp.py;dymos/phases/optimizer_based/optimizer_based_phase_base.py,2;227;59;30,0;192;34;28
5255204318f44e1a7286f0eda2c2809e5b97c326,Rob Falck,2018-10-15 10:28:18 -0400,,dymos/phases/grid_data.py;dymos/phases/optimizer_based/optimizer_based_phase_base.py;dymos/phases/phase_base.py,8;4;8,8;11;1
f7606dc773eb6162ba61c3eccbea59af4036c386,Rob Falck,2018-10-12 15:51:35 -0400,,dymos/phases/phase_factory.py,3,1
0b2660386bcd6477c0409793e03af1fea2360671,Rob Falck,2018-10-12 12:01:10 -0400,,dymos/examples/brachistochrone/ex_brachistochrone.py;dymos/phases/grid_data.py,25;16,31;19
b8441e311f1ae9448c970d9e601f77f5ec5d225e,Rob Falck,2018-10-11 09:43:33 -0400,,dymos/examples/brachistochrone/ex_brachistochrone.py,13,9
6a2149facf95c9ccfe44f2008795eb16e5fa6f52,Rob Falck,2018-10-10 22:42:46 -0400,,dymos/examples/brachistochrone/ex_brachistochrone.py,1,1
239eeff0d03b0eb2527d8c4977739f0e9441e977,Rob Falck,2018-10-10 22:24:45 -0400,,dymos/examples/brachistochrone/ex_brachistochrone.py,24,22
016107836db55f117a77738ddefc6d670bb3f265,Rob Falck,2018-10-09 11:34:08 -0400,,dymos/phases/components/__init__.py;dymos/phases/components/boundary_constraint_comp.py;dymos/phases/components/control_interp_comp.py;dymos/phases/components/tests/test_boundary_constraint_comp.py;dymos/phases/optimizer_based/optimizer_based_phase_base.py;dymos/phases/phase_base.py,0;27;0;42;86;47,1;139;1;197;1;89
d5f1c66e590bf657b6a14c4973b4f7d790138ed0,Rob Falck,2018-10-08 21:08:36 -0400,,dymos/__init__.py;dymos/phases/components/__init__.py;dymos/phases/components/boundary_constraint_comp.py;dymos/phases/optimizer_based/optimizer_based_phase_base.py;dymos/phases/phase_base.py;dymos/phases/tests/test_phase_base.py,1;1;1;4;43;4,0;0;1;2;35;4
b9601c355e6b0487724ef230d3b8c1b6f389207e,Rob Falck,2018-10-05 13:15:26 -0400,,dymos/phases/grid_data.py,130,83
d3ebadf60ffdb25155ec6e5f9a38c618b0882b8e,Rob Falck,2018-10-01 22:29:27 -0400,,dymos/utils/rk_methods.py,11,0
f8beec51047a97b3e293303055c392792ad702dc,Bret Naylor,2018-09-14 15:33:16 -0400,96,dymos/examples/aircraft_steady_flight/test/test_aircraft_cruise.py;dymos/examples/finite_burn_orbit_raise/ex_two_burn_orbit_raise.py;dymos/examples/finite_burn_orbit_raise/test/test_ex_two_burn_orbit_raise.py;dymos/examples/min_time_climb/test/test_ex_min_time_climb.py;dymos/tests/test_pep8.py;dymos/trajectory/trajectory.py,2;138;25;18;10;15,1;105;8;0;2;14
4c859592a99c0cc708316147221e342b31af66e7,Rob Falck,2018-09-14 11:44:59 -0400,95;84;85;86;93,dymos/__init__.py;dymos/docs/conf.py;dymos/phases/phase_base.py;dymos/phases/tests/test_set_time_options.py;setup.py,1;1;2;49;1,1;1;2;1;1
3c4c45c692102ca47273212a3b509430ac9e9b10,Rob Falck,2018-09-07 10:28:08 -0400,93,dymos/__init__.py;dymos/docs/conf.py;dymos/phases/phase_base.py;dymos/phases/tests/test_set_time_options.py;setup.py,1;1;2;49;1,1;1;2;1;1
a66f1fd1bafe8f057368288f3fb7c1cd54ac4d6a,Rob Falck,2018-09-06 11:19:58 -0400,88;84;85;86,dymos/docs/examples/figures/brachistochrone_fbd.py;dymos/docs/examples/figures/min_time_climb_fbd.py;dymos/docs/examples/figures/simul_derivs_perf_chart.py;dymos/docs/examples/figures/ssto_linear_tangent_xdsm.py;dymos/docs/examples/figures/ssto_xdsm.py;dymos/docs/user_guide/phases/transcriptions/figures/gauss-lobatto/plot_high_order_gauss_lobatto.py;dymos/docs/user_guide/phases/transcriptions/figures/radau-pseudospectral/plot_radau-pseudospectral.py;dymos/ode_options.py;dymos/phases/optimizer_based/optimizer_based_phase_base.py;dymos/phases/phase_base.py;dymos/phases/tests/test_phase_base.py;dymos/tests/test_ode_options.py,3;3;2;2;2;10;9;7;138;2;57;41,3;3;2;2;2;10;9;2;9;6;0;0
d004a459226d42d671e86fceb1cba0823619e525,Rob Falck,2018-08-30 12:21:00 -0700,84;85,dymos/docs/examples/figures/brachistochrone_fbd.py;dymos/docs/examples/figures/min_time_climb_fbd.py;dymos/docs/examples/figures/simul_derivs_perf_chart.py;dymos/docs/examples/figures/ssto_fbd.py;dymos/examples/finite_burn_orbit_raise/test/test_doc_two_burn_orbit_raise.py,2;2;3;2;3,0;0;0;0;1
9d935eb59be69a95810b3785e5a52bdcb3f7f6d2,Rob Falck,2018-08-30 12:00:39 -0700,84,dymos/docs/examples/figures/brachistochrone_fbd.py;dymos/docs/examples/figures/min_time_climb_fbd.py;dymos/docs/examples/figures/simul_derivs_perf_chart.py;dymos/docs/examples/figures/ssto_fbd.py;dymos/examples/finite_burn_orbit_raise/test/test_doc_two_burn_orbit_raise.py,2;2;3;2;3,0;0;0;0;1
f12796140c101231db68fc0334ddbd77af8805a4,Rob Falck,2018-08-29 23:13:47 -0700,83,dymos/__init__.py;dymos/docs/conf.py;dymos/examples/cannonball/test/test_two_phase_cannonball_for_docs.py;dymos/examples/finite_burn_orbit_raise/ex_two_burn_orbit_raise.py;dymos/examples/finite_burn_orbit_raise/test/test_doc_two_burn_orbit_raise.py;dymos/examples/finite_burn_orbit_raise/test/test_ex_two_burn_orbit_raise.py;dymos/phases/optimizer_based/gauss_lobatto_phase.py;dymos/phases/optimizer_based/optimizer_based_phase_base.py;dymos/phases/optimizer_based/radau_pseudospectral_phase.py;dymos/phases/options.py;dymos/phases/phase_base.py;dymos/trajectory/trajectory.py;setup.py,1;1;11;10;7;4;0;0;0;6;21;26;1,1;1;11;12;8;4;2;4;2;1;8;72;1
9966290be323972054d12775df4e87c0c616cf47,Rob Falck,2018-08-27 19:57:13 -0400,81,dymos/phases/optimizer_based/gauss_lobatto_phase.py;dymos/phases/optimizer_based/radau_pseudospectral_phase.py;dymos/phases/phase_base.py;dymos/phases/tests/test_phase_base.py,4;4;39;98,0;0;0;0
38a838d1d694929230d16d08309652ec6f6ccbad,Rob Falck,2018-08-27 11:31:21 -0400,80,dymos/examples/aircraft_steady_flight/ex_aircraft_steady_flight.py;dymos/examples/aircraft_steady_flight/test/test_aircraft_cruise.py;dymos/examples/aircraft_steady_flight/test/test_doc_aircraft_steady_flight.py;dymos/examples/brachistochrone/ex_brachistochrone.py;dymos/examples/cannonball/__init__.py;dymos/examples/cannonball/cannonball_ode.py;dymos/examples/cannonball/kinetic_energy_comp.py;dymos/examples/cannonball/size_comp.py;dymos/examples/cannonball/test/__init__.py;dymos/examples/cannonball/test/test_two_phase_cannonball_for_docs.py;dymos/phases/components/__init__.py;dymos/phases/components/path_constraint_comp.py;dymos/phases/optimizer_based/gauss_lobatto_phase.py;dymos/phases/optimizer_based/optimizer_based_phase_base.py;dymos/phases/optimizer_based/radau_pseudospectral_phase.py;dymos/phases/options.py;dymos/phases/phase_base.py;dymos/phases/tests/test_phase_base.py;dymos/trajectory/trajectory.py,8;6;8;4;0;52;38;43;0;229;1;1;59;14;74;29;118;184;333,13;6;8;3;0;0;0;0;0;0;1;1;22;18;25;7;99;16;87
b05ae6ceeb84928d405bbaab021b87ba20425164,Keith Marsteller,2018-08-20 08:55:04 -0400,79,dymos/docs/conf.py,3,10
0fefbd8779ed2765b232abd899ca2e35430f2c64,Rob Falck,2018-08-15 16:09:21 -0400,76,dymos/examples/min_time_climb/test/test_doc_min_time_climb.py;dymos/phases/optimizer_based/components/collocation_comp.py;dymos/phases/optimizer_based/optimizer_based_phase_base.py;dymos/phases/options.py;dymos/phases/phase_base.py,6;3;0;8;5,6;1;1;1;1
775e4499c63da1152c9733fbd58ea1c8ae9025d9,Rob Falck,2018-08-15 14:06:40 -0400,75,dymos/examples/aircraft_steady_flight/ex_aircraft_steady_flight.py;dymos/examples/aircraft_steady_flight/test/test_aircraft_cruise.py;dymos/examples/aircraft_steady_flight/test/test_doc_aircraft_steady_flight.py;dymos/phases/optimizer_based/gauss_lobatto_phase.py;dymos/phases/optimizer_based/optimizer_based_phase_base.py;dymos/phases/optimizer_based/radau_pseudospectral_phase.py;dymos/phases/options.py;dymos/phases/phase_base.py,5;3;7;1;11;1;4;22,5;5;6;1;5;1;0;17
73063f52f587354a57e66a596f7d5bb81351f037,Keith Marsteller,2018-08-10 21:19:36 -0400,72,dymos/__init__.py;dymos/phases/components/control_interp_comp.py;dymos/phases/grid_data.py;dymos/utils/hermite.py;dymos/utils/interpolate.py;dymos/utils/lgr.py;setup.py,1;12;33;6;18;13;1,1;7;17;2;15;11;1
837d67784bbaa5679e603ba94eeeb4525a2f38a3,Bret Naylor,2018-08-10 16:01:51 -0400,74,dymos/phases/components/boundary_constraint_comp.py;dymos/phases/components/path_constraint_comp.py,8;6,14;10
9b291da9af416644f791959290235a44d5002f98,Rob Falck,2018-08-08 20:43:06 -0400,71,benchmark/benchmark_brachistochrone.py;dymos/examples/brachistochrone/ex_brachistochrone.py;dymos/examples/double_integrator/test/test_ex_double_integrator.py;dymos/examples/min_time_climb/aero/test/test_cd0_comp.py;dymos/examples/min_time_climb/aero/test/test_cla_comp.py;dymos/examples/min_time_climb/aero/test/test_kappa_comp.py;dymos/examples/min_time_climb/ex_min_time_climb.py;dymos/examples/min_time_climb/prop/test/test_max_thrust_comp.py;dymos/examples/min_time_climb/test/test_ex_min_time_climb.py;dymos/ode_options.py;dymos/phases/optimizer_based/optimizer_based_phase_base.py;dymos/phases/tests/test_set_time_options.py,99;8;0;6;5;5;1;0;0;2;32;184,0;10;274;7;7;7;1;2;1;2;128;0
f42170ba7112130292ba37b6cda26e23ce1a2980,Rob Falck,2018-08-07 21:50:19 -0400,70,dymos/__init__.py;setup.py,1;1,1;1
05822359abf59aa597b9b09704c2e2238a3eda3d,Rob Falck,2018-08-07 15:16:06 -0400,68,dymos/__init__.py;dymos/examples/aircraft_steady_flight/ex_aircraft_steady_flight.py;dymos/examples/aircraft_steady_flight/test/test_aircraft_cruise.py;dymos/examples/aircraft_steady_flight/test/test_doc_aircraft_steady_flight.py;dymos/examples/aircraft_steady_flight/test/test_ex_aircraft_steady_flight.py;dymos/examples/brachistochrone/ex_brachistochrone.py;dymos/examples/brachistochrone/test/test_ex_brachistochrone.py;dymos/examples/finite_burn_orbit_raise/__init__.py;dymos/examples/finite_burn_orbit_raise/ex_two_burn_orbit_raise.py;dymos/examples/finite_burn_orbit_raise/finite_burn_eom.py;dymos/examples/finite_burn_orbit_raise/test/__init__.py;dymos/examples/finite_burn_orbit_raise/test/test_doc_two_burn_orbit_raise.py;dymos/examples/finite_burn_orbit_raise/test/test_ex_two_burn_orbit_raise.py;dymos/examples/finite_burn_orbit_raise/test/test_finite_burn_eom.py;dymos/examples/min_time_climb/ex_min_time_climb.py;dymos/phases/components/boundary_constraint_comp.py;dymos/phases/components/path_constraint_comp.py;dymos/phases/components/tests/test_path_constraint_comp.py;dymos/phases/optimizer_based/components/collocation_comp.py;dymos/phases/optimizer_based/gauss_lobatto_phase.py;dymos/phases/optimizer_based/optimizer_based_phase_base.py;dymos/phases/optimizer_based/radau_pseudospectral_phase.py;dymos/phases/phase_base.py;dymos/trajectory/__init__.py;dymos/trajectory/test/__init__.py;dymos/trajectory/test/test_trajectory.py;dymos/trajectory/trajectory.py;dymos/utils/constants.py;dymos/utils/misc.py;setup.py,3;2;5;10;7;3;16;0;209;200;0;215;32;0;6;6;5;4;1;2;24;2;38;0;0;181;410;15;28;1,0;1;1;2;0;4;4;0;0;0;0;0;0;0;5;0;2;4;0;2;16;2;34;0;0;0;0;0;0;0
0499208ff9517baf098d24260c7b2bae0037f2cc,Rob Falck,2018-07-30 11:54:31 -0400,66,dymos/__init__.py;dymos/examples/brachistochrone/ex_brachistochrone.py;dymos/examples/brachistochrone/test/test_ex_brachistochrone.py;setup.py,1;2;26;1,1;2;7;1
e471cd9144f906e99d7ddd0903aeb2adaa0a8daa,Rob Falck,2018-07-16 12:17:07 -0400,62,dymos/__init__.py;dymos/examples/aircraft_steady_flight/ex_aircraft_steady_flight.py;dymos/examples/aircraft_steady_flight/flight_equlibrium/test/test_flight_equilibrium_group.py;dymos/examples/aircraft_steady_flight/propulsion/test/test_propulsion_group.py;dymos/examples/aircraft_steady_flight/test/test_aircraft_cruise.py;dymos/examples/aircraft_steady_flight/test/test_aircraft_ode.py;dymos/examples/aircraft_steady_flight/test/test_doc_aircraft_steady_flight.py;dymos/examples/brachistochrone/ex_brachistochrone.py;dymos/examples/brachistochrone/test/test_doc_brach_run_simul_derivs.py;dymos/examples/brachistochrone/test/test_doc_brach_run_without_simul_derivs.py;dymos/examples/brachistochrone/test/test_doc_brachistochrone.py;dymos/examples/brachistochrone/test/test_doc_brachistochrone_implicit_recorder.py;dymos/examples/brachistochrone/test/test_path_constraints.py;dymos/examples/double_integrator/ex_double_integrator.py;dymos/examples/double_integrator/test/test_doc_double_integrator.py;dymos/examples/double_integrator/test/test_ex_double_integrator.py;dymos/examples/min_time_climb/ex_min_time_climb.py;dymos/examples/min_time_climb/test/test_doc_min_time_climb.py;dymos/examples/ssto/ex_ssto_moon_linear_tangent.py;dymos/examples/ssto/test/test_ex_ssto_earth.py;dymos/examples/ssto/test/test_ex_ssto_moon.py;dymos/phases/components/tests/test_continuity_comp.py;dymos/phases/components/tests/test_endpoint_conditions_comp.py;dymos/phases/components/tests/test_path_constraint_comp.py;dymos/phases/components/tests/test_phase_linkage_comp.py;dymos/phases/optimizer_based/gauss_lobatto_phase.py;dymos/phases/optimizer_based/optimizer_based_phase_base.py;dymos/phases/optimizer_based/radau_pseudospectral_phase.py;dymos/phases/options.py;dymos/phases/phase_base.py;dymos/utils/misc.py;setup.py,1;1;1;1;1;1;1;2;1;1;1;1;4;3;1;330;2;2;1;4;110;1;2;2;1;2;0;2;12;67;1;1,1;1;1;1;1;1;1;2;1;1;1;1;4;4;1;0;2;2;1;7;18;1;2;2;1;1;1;1;11;29;1;1
cc57e50cf78e174a5a301cb1d7a59f677086396e,Rob Falck,2018-07-05 14:43:33 -0400,59,dymos/__init__.py;dymos/examples/aircraft_steady_flight/ex_aircraft_steady_flight.py;dymos/examples/aircraft_steady_flight/test/test_aircraft_cruise.py;dymos/examples/aircraft_steady_flight/test/test_doc_aircraft_steady_flight.py;dymos/examples/aircraft_steady_flight/test/test_ex_aircraft_steady_flight.py;dymos/examples/brachistochrone/ex_brachistochrone.py;dymos/examples/brachistochrone/test/test_doc_brach_run_simul_derivs.py;dymos/examples/brachistochrone/test/test_doc_brach_run_without_simul_derivs.py;dymos/examples/brachistochrone/test/test_doc_brachistochrone.py;dymos/examples/brachistochrone/test/test_doc_brachistochrone_implicit_recorder.py;dymos/examples/brachistochrone/test/test_ex_brachistochrone.py;dymos/examples/brachistochrone/test/test_path_constraints.py;dymos/examples/double_integrator/ex_double_integrator.py;dymos/examples/double_integrator/test/test_doc_double_integrator.py;dymos/examples/double_integrator/test/test_ex_double_integrator.py;dymos/examples/min_time_climb/ex_min_time_climb.py;dymos/examples/min_time_climb/test/test_doc_min_time_climb.py;dymos/examples/ssto/ex_ssto_moon_linear_tangent.py;dymos/examples/ssto/test/test_ex_ssto_earth.py;dymos/examples/ssto/test/test_ex_ssto_moon.py;dymos/examples/ssto/test/test_ex_ssto_moon_linear_tangent.py;dymos/models/eom/test/test_flight_path_eom_2d.py;dymos/phases/components/__init__.py;dymos/phases/components/continuity_comp.py;dymos/phases/components/control_interp_comp.py;dymos/phases/components/tests/test_continuity_comp.py;dymos/phases/components/tests/test_control_interp_comp.py;dymos/phases/components/tests/test_path_constraint_comp.py;dymos/phases/grid_data.py;dymos/phases/optimizer_based/components/state_interp_comp.py;dymos/phases/optimizer_based/gauss_lobatto_phase.py;dymos/phases/optimizer_based/optimizer_based_phase_base.py;dymos/phases/optimizer_based/radau_pseudospectral_phase.py;dymos/phases/options.py;dymos/phases/phase_base.py;setup.py,1;9;2;2;24;9;4;6;4;4;1;20;10;4;4;11;6;5;13;12;1;10;2;267;223;50;476;6;85;0;28;33;25;5;65;2,1;15;2;2;0;8;4;9;4;4;1;19;19;4;4;15;6;5;13;12;1;10;3;187;0;30;0;6;35;6;38;91;52;5;155;1
2d63d2922354267b900e97d9629e22184ee31ba4,Rob Falck,2018-06-27 18:38:48 -0400,55,dymos/__init__.py;setup.py,1;1,1;1
4651388a681060faa9f784fe2317a40d8b4b441f,Rob Falck,2018-06-25 22:23:38 -0400,52,dymos/__init__.py;dymos/examples/brachistochrone/test/test_doc_brach_run_simul_derivs.py;dymos/phases/optimizer_based/optimizer_based_phase_base.py;setup.py,1;0;0;1,1;3;2;1
635c2610f732276ef35bfe716b094547abcbd273,Rob Falck,2018-06-22 23:23:20 -0400,50,dymos/examples/aircraft_steady_flight/ex_aircraft_steady_flight.py;dymos/examples/aircraft_steady_flight/test/test_aircraft_cruise.py;dymos/examples/aircraft_steady_flight/test/test_doc_aircraft_steady_flight.py;dymos/examples/brachistochrone/ex_brachistochrone.py;dymos/examples/brachistochrone/test/test_doc_brach_run_simul_derivs.py;dymos/examples/brachistochrone/test/test_doc_brach_run_without_simul_derivs.py;dymos/examples/brachistochrone/test/test_doc_brachistochrone.py;dymos/examples/brachistochrone/test/test_doc_brachistochrone_implicit_recorder.py;dymos/examples/brachistochrone/test/test_path_constraints.py;dymos/examples/min_time_climb/ex_min_time_climb.py;dymos/examples/min_time_climb/test/test_doc_min_time_climb.py;dymos/examples/ssto/ex_ssto_earth.py;dymos/examples/ssto/ex_ssto_moon.py;dymos/examples/ssto/ex_ssto_moon_linear_tangent.py;dymos/examples/ssto/test/test_ex_ssto_earth.py;dymos/examples/ssto/test/test_ex_ssto_moon_linear_tangent.py;dymos/ode_options.py;dymos/phases/components/__init__.py;dymos/phases/optimizer_based/gauss_lobatto_phase.py;dymos/phases/optimizer_based/optimizer_based_phase_base.py;dymos/phases/optimizer_based/radau_pseudospectral_phase.py;dymos/phases/options.py;dymos/phases/phase_base.py;dymos/tests/test_ode_options.py;dymos/utils/interpolate.py,9;16;12;5;2;2;2;2;12;4;4;2;3;22;2;12;5;1;41;72;42;64;175;4;0,10;57;12;5;3;3;3;3;35;4;5;6;4;5;4;43;5;0;35;45;19;0;17;4;110
4e6548215f201666700c110fd6b34548aaa889b0,Rob Falck,2018-06-20 16:22:07 -0400,49,dymos/__init__.py;dymos/examples/brachistochrone/brachistochrone_ode.py;dymos/examples/brachistochrone/ex_brachistochrone.py;dymos/examples/brachistochrone/test/test_doc_brach_run_simul_derivs.py;dymos/examples/brachistochrone/test/test_ex_brachistochrone.py;dymos/examples/min_time_climb/ex_min_time_climb.py;dymos/examples/min_time_climb/min_time_climb_ode.py;dymos/examples/min_time_climb/prop/max_thrust_comp.py;dymos/examples/min_time_climb/prop/prop.py;dymos/examples/min_time_climb/test/test_doc_min_time_climb.py;dymos/examples/min_time_climb/test/test_ex_min_time_climb.py;dymos/examples/ssto/ex_ssto_moon.py;dymos/examples/ssto/ex_ssto_moon_linear_tangent.py;dymos/examples/ssto/launch_vehicle_ode.py;dymos/examples/ssto/test/test_ex_ssto_earth.py;dymos/examples/ssto/test/test_ex_ssto_moon.py;dymos/models/eom/flight_path_eom_2d.py;dymos/phases/components/__init__.py;dymos/phases/components/path_constraint_comp.py;dymos/phases/grid_data.py;dymos/phases/optimizer_based/gauss_lobatto_phase.py;dymos/phases/optimizer_based/radau_pseudospectral_phase.py;dymos/phases/phase_base.py;dymos/phases/phase_factory.py;dymos/utils/test/test_hermite.py;dymos/utils/test/test_lg.py;dymos/utils/test/test_lgl.py;dymos/utils/test/test_lgr.py;setup.py,2;10;26;4;3;29;11;40;1;117;2;7;1;1;9;8;1;0;0;1;1;1;4;1;1;1;55;1;2,0;30;52;5;24;51;17;20;0;0;19;28;1;1;9;23;1;1;60;38;2;2;17;3;1;1;0;1;2
85d51bdc52bc4c2135467a50d9e59063bfc2e4dd,Rob Falck,2018-06-18 16:52:01 -0400,48,dymos/phases/components/tests/test_endpoint_conditions_comp.py;dymos/phases/optimizer_based/gauss_lobatto_phase.py;dymos/phases/optimizer_based/radau_pseudospectral_phase.py;dymos/phases/phase_base.py,1;2;2;4,1;11;11;14
835b301fad5a9af74d3e1c060a5705c0e6b28407,Bret Naylor,2018-06-12 15:44:25 -0400,47,dymos/examples/aircraft_steady_flight/ex_aircraft_steady_flight.py;dymos/examples/aircraft_steady_flight/test/test_aircraft_cruise.py;dymos/examples/aircraft_steady_flight/test/test_aircraft_ode.py;dymos/examples/aircraft_steady_flight/test/test_doc_aircraft_steady_flight.py;dymos/examples/brachistochrone/ex_brachistochrone.py;dymos/examples/brachistochrone/test/test_doc_brach_run_simul_derivs.py;dymos/examples/brachistochrone/test/test_doc_brach_run_without_simul_derivs.py;dymos/examples/brachistochrone/test/test_doc_brachistochrone.py;dymos/examples/brachistochrone/test/test_doc_brachistochrone_implicit_recorder.py;dymos/examples/brachistochrone/test/test_path_constraints.py;dymos/examples/double_integrator/ex_double_integrator.py;dymos/examples/double_integrator/test/test_doc_double_integrator.py;dymos/examples/double_integrator/test/test_ex_double_integrator.py;dymos/examples/min_time_climb/aero/aero.py;dymos/examples/min_time_climb/ex_min_time_climb.py;dymos/examples/min_time_climb/test/test_ex_min_time_climb.py;dymos/examples/ssto/ex_ssto_earth.py;dymos/examples/ssto/ex_ssto_moon.py;dymos/examples/ssto/ex_ssto_moon_linear_tangent.py;dymos/examples/ssto/test/test_ex_ssto_moon.py;dymos/phases/components/tests/test_endpoint_conditions_comp.py,2;3;3;2;3;3;3;3;3;12;3;2;1;1;3;2;3;3;3;0;5,3;3;3;3;10;3;3;3;3;12;9;3;1;1;11;2;10;10;4;1;7
c2635dacc183dae578115dd40149d95a50729a64,Rob Falck,2018-06-11 12:39:10 -0400,46,dymos/examples/aircraft_steady_flight/aero/test/test_aero_coef_comp.py;dymos/examples/aircraft_steady_flight/propulsion/propulsion_group.py;dymos/examples/aircraft_steady_flight/propulsion/test/test_propulsion_group.py;dymos/phases/optimizer_based/optimizer_based_phase_base.py,1;2;13;1,1;0;10;0
ebf2fc382a3b71f064b55ca9fb6d291adb4f985b,Rob Falck,2018-06-01 09:00:27 -0400,45,dymos/examples/double_integrator/ex_double_integrator.py;dymos/examples/double_integrator/test/test_doc_double_integrator.py;dymos/examples/double_integrator/test/test_ex_double_integrator.py,1;98;14,53;0;3
b05160c0e1c3d2486b013691684becb236971da9,Rob Falck,2018-05-31 10:56:58 -0400,44,dymos/examples/aircraft_steady_flight/aero/aerodynamics_group.py;dymos/examples/aircraft_steady_flight/aero/test/test_mbi_aero_coef_comp.py;dymos/examples/aircraft_steady_flight/aircraft_ode.py;dymos/examples/aircraft_steady_flight/ex_aircraft_steady_flight.py;dymos/examples/aircraft_steady_flight/flight_equlibrium/steady_flight_equilibrium_group.py;dymos/examples/aircraft_steady_flight/test/test_aircraft_cruise.py;dymos/examples/aircraft_steady_flight/test/test_doc_aircraft_steady_flight.py,22;1;0;196;1;1;144,15;4;7;0;1;206;0
b6a81b2abeb0f21df61d8e2b083f914f31184d40,Rob Falck,2018-05-22 16:59:59 -0400,42,dymos/examples/aircraft_steady_flight/__init__.py;dymos/examples/aircraft_steady_flight/aero/__init__.py;dymos/examples/aircraft_steady_flight/aero/aero_coef_comp.py;dymos/examples/aircraft_steady_flight/aero/aero_forces_comp.py;dymos/examples/aircraft_steady_flight/aero/aerodynamics_group.py;dymos/examples/aircraft_steady_flight/aero/crm_data.py;dymos/examples/aircraft_steady_flight/aero/mbi_aero_coef_comp.py;dymos/examples/aircraft_steady_flight/aero/test/__init__.py;dymos/examples/aircraft_steady_flight/aero/test/test_aero_coef_comp.py;dymos/examples/aircraft_steady_flight/aero/test/test_mbi_aero_coef_comp.py;dymos/examples/aircraft_steady_flight/aircraft_ode.py;dymos/examples/aircraft_steady_flight/dynamic_pressure_comp.py;dymos/examples/aircraft_steady_flight/flight_equlibrium/__init__.py;dymos/examples/aircraft_steady_flight/flight_equlibrium/lift_equilibrium_comp.py;dymos/examples/aircraft_steady_flight/flight_equlibrium/steady_flight_equilibrium_group.py;dymos/examples/aircraft_steady_flight/flight_equlibrium/test/__init__.py;dymos/examples/aircraft_steady_flight/flight_equlibrium/test/test_flight_equilibrium_group.py;dymos/examples/aircraft_steady_flight/flight_equlibrium/thrust_equilibrium_comp.py;dymos/examples/aircraft_steady_flight/mass_comp.py;dymos/examples/aircraft_steady_flight/propulsion/__init__.py;dymos/examples/aircraft_steady_flight/propulsion/fuel_burn_rate_comp.py;dymos/examples/aircraft_steady_flight/propulsion/max_thrust_comp.py;dymos/examples/aircraft_steady_flight/propulsion/propulsion_group.py;dymos/examples/aircraft_steady_flight/propulsion/test/__init__.py;dymos/examples/aircraft_steady_flight/propulsion/test/test_propulsion_group.py;dymos/examples/aircraft_steady_flight/propulsion/throttle_comp.py;dymos/examples/aircraft_steady_flight/propulsion/thrust_comp.py;dymos/examples/aircraft_steady_flight/propulsion/tsfc_comp.py;dymos/examples/aircraft_steady_flight/range_rate_comp.py;dymos/examples/aircraft_steady_flight/steady_flight_path_angle_comp.py;dymos/examples/aircraft_steady_flight/test/__init__.py;dymos/examples/aircraft_steady_flight/test/test_aircraft_cruise.py;dymos/examples/aircraft_steady_flight/test/test_aircraft_ode.py;dymos/examples/aircraft_steady_flight/true_airspeed_comp.py;dymos/examples/brachistochrone/brachistochrone_ode.py;dymos/examples/brachistochrone/test/test_doc_brach_run_simul_derivs.py;dymos/examples/brachistochrone/test/test_doc_brachistochrone_implicit_recorder.py;dymos/examples/brachistochrone/test/test_ex_brachistochrone.py;dymos/examples/double_integrator/double_integrator_ode.py;dymos/examples/double_integrator/ex_double_integrator.py;dymos/examples/min_time_climb/aero/aero.py;dymos/examples/min_time_climb/aero/cd0_comp.py;dymos/examples/min_time_climb/aero/cd_comp.py;dymos/examples/min_time_climb/aero/cl_comp.py;dymos/examples/min_time_climb/aero/cla_comp.py;dymos/examples/min_time_climb/aero/dynamic_pressure_comp.py;dymos/examples/min_time_climb/aero/kappa_comp.py;dymos/examples/min_time_climb/aero/lift_drag_force_comp.py;dymos/examples/min_time_climb/aero/mach_comp.py;dymos/examples/min_time_climb/ex_min_time_climb.py;dymos/examples/min_time_climb/min_time_climb_ode.py;dymos/examples/min_time_climb/prop/max_thrust_comp.py;dymos/examples/min_time_climb/prop/mdot_comp.py;dymos/examples/min_time_climb/prop/prop.py;dymos/examples/min_time_climb/prop/test/test_max_thrust_comp.py;dymos/examples/min_time_climb/prop/thrust_comp.py;dymos/examples/min_time_climb/test/test_ex_min_time_climb.py;dymos/examples/ssto/ex_ssto_earth.py;dymos/examples/ssto/ex_ssto_moon.py;dymos/examples/ssto/ex_ssto_moon_linear_tangent.py;dymos/examples/ssto/launch_vehicle_2d_eom_comp.py;dymos/examples/ssto/launch_vehicle_linear_tangent_ode.py;dymos/examples/ssto/launch_vehicle_ode.py;dymos/examples/ssto/linear_tangent_guidance_comp.py;dymos/examples/ssto/log_atmosphere_comp.py;dymos/models/eom/flight_path_eom_2d.py;dymos/phases/components/continuity_comp.py;dymos/phases/components/endpoint_conditions_comp.py;dymos/phases/components/path_constraint_comp.py;dymos/phases/components/phase_linkage_comp.py;dymos/phases/components/tests/test_continuity_comp.py;dymos/phases/components/tests/test_path_constraint_comp.py;dymos/phases/components/tests/test_phase_linkage_comp.py;dymos/phases/components/time_comp.py;dymos/phases/grid_data.py;dymos/phases/optimizer_based/components/collocation_comp.py;dymos/phases/optimizer_based/components/control_endpoint_defect_comp.py;dymos/phases/optimizer_based/components/state_interp_comp.py;dymos/phases/optimizer_based/gauss_lobatto_phase.py;dymos/phases/optimizer_based/optimizer_based_phase_base.py;dymos/phases/optimizer_based/radau_pseudospectral_phase.py;dymos/phases/options.py;dymos/phases/phase_base.py;dymos/tests/test_ode_options.py,0;0;22;53;40;667;140;0;184;222;80;32;0;76;64;0;72;86;34;0;35;38;57;0;55;37;51;42;41;38;0;347;70;29;3;0;5;5;3;0;3;2;2;2;2;2;2;2;2;7;2;3;2;4;1;2;9;0;0;0;13;6;6;3;11;2;153;8;9;4;43;2;1;14;6;41;5;18;3;25;3;12;45;1,0;0;0;0;0;0;0;0;0;0;0;0;0;0;0;0;0;0;0;0;0;0;0;0;0;0;0;0;0;0;0;0;0;0;3;1;5;5;3;2;3;2;2;2;2;2;2;2;2;5;2;3;2;4;1;2;6;2;2;2;13;6;6;3;11;2;127;8;9;4;14;2;1;15;6;20;5;18;3;13;3;1;32;1
d55707a87805c0e7e88f251a2e1d3286a5f34df8,Rob Falck,2018-05-03 10:01:09 -0400,40,dymos/examples/brachistochrone/ex_brachistochrone.py;dymos/examples/brachistochrone/test/test_doc_brach_run_simul_derivs.py;dymos/examples/brachistochrone/test/test_doc_brach_run_without_simul_derivs.py;dymos/examples/brachistochrone/test/test_doc_brachistochrone.py;dymos/examples/brachistochrone/test/test_doc_brachistochrone_implicit_recorder.py;dymos/examples/brachistochrone/test/test_path_constraints.py;dymos/examples/double_integrator/ex_double_integrator.py;dymos/examples/min_time_climb/ex_min_time_climb.py;dymos/examples/ssto/test/test_ex_ssto_earth.py;dymos/examples/ssto/test/test_ex_ssto_moon.py;dymos/examples/ssto/test/test_ex_ssto_moon_linear_tangent.py;dymos/models/eom/test/test_flight_path_eom_2d.py;dymos/phases/components/continuity_comp.py;dymos/phases/components/path_constraint_comp.py;dymos/phases/components/tests/test_continuity_comp.py;dymos/phases/components/tests/test_path_constraint_comp.py;dymos/phases/grid_data.py;dymos/phases/optimizer_based/components/state_interp_comp.py;dymos/phases/optimizer_based/components/test/test_state_interp_comp.py;dymos/phases/optimizer_based/gauss_lobatto_phase.py;dymos/phases/optimizer_based/optimizer_based_phase_base.py;dymos/phases/optimizer_based/radau_pseudospectral_phase.py;dymos/phases/phase_base.py;dymos/utils/misc.py,4;4;4;4;4;16;3;6;13;12;10;12;2;6;0;3;37;3;16;38;8;11;24;23,4;4;4;4;4;16;3;6;12;12;10;12;2;6;2;3;22;3;10;30;8;11;22;4
ee4a18c90d696f683e47844703c3b350847f6b9e,Rob Falck,2018-05-01 16:27:40 -0400,39,dymos/examples/brachistochrone/test/test_doc_brach_run_simul_derivs.py;dymos/examples/brachistochrone/test/test_doc_brach_run_without_simul_derivs.py;dymos/examples/double_integrator/ex_double_integrator.py;dymos/examples/min_time_climb/ex_min_time_climb.py;dymos/examples/min_time_climb/test/test_ex_min_time_climb.py;dymos/examples/ssto/ex_ssto_earth.py;dymos/examples/ssto/ex_ssto_moon.py;dymos/examples/ssto/ex_ssto_moon_linear_tangent.py;dymos/examples/ssto/test/test_ex_ssto_earth.py;dymos/examples/ssto/test/test_ex_ssto_moon.py;dymos/examples/ssto/test/test_ex_ssto_moon_linear_tangent.py;dymos/phases/optimizer_based/components/__init__.py;dymos/phases/optimizer_based/components/control_endpoint_defect_comp.py;dymos/phases/optimizer_based/components/test/test_control_endpoint_defect_comp.py;dymos/phases/optimizer_based/optimizer_based_phase_base.py;dymos/phases/optimizer_based/radau_pseudospectral_phase.py,5;2;5;13;3;4;4;4;3;2;2;1;102;67;8;14,2;2;3;5;3;0;0;0;3;2;2;0;0;0;1;0
a8c1c89dad53f76c20822a82bcc57a713f44abbb,John T. Hwang,2018-04-24 11:38:35 -0400,30,dymos/examples/brachistochrone/ex_brachistochrone.py;dymos/examples/brachistochrone/test/test_ex_brachistochrone.py;dymos/examples/min_time_climb/aero/cl_comp.py;dymos/examples/min_time_climb/aero/cla_comp.py;dymos/examples/min_time_climb/aero/mach_comp.py;dymos/examples/min_time_climb/ex_min_time_climb.py;dymos/examples/min_time_climb/test/test_ex_min_time_climb.py;dymos/phases/components/__init__.py;dymos/phases/components/path_constraint_comp.py;dymos/phases/phase_base.py,12;3;1;1;1;63;16;1;65;32,6;0;1;1;1;28;0;0;3;2
f3005fdc467b7bea545d8117152c145656c3777c,Rob Falck,2018-04-19 14:58:44 -0400,37,dymos/examples/brachistochrone/test/test_doc_brachistochrone_implicit_recorder.py;dymos/examples/brachistochrone/test/test_path_constraints.py;dymos/phases/components/path_constraint_comp.py;dymos/phases/optimizer_based/gauss_lobatto_phase.py;dymos/phases/optimizer_based/radau_pseudospectral_phase.py,6;227;1;6;6,4;0;0;11;11
fda70d869b1004c2f023bd77e0c1dca12552e8b5,Rob Falck,2018-04-11 15:19:56 -0400,34,dymos/examples/brachistochrone/test/test_doc_brachistochrone_implicit_recorder.py;dymos/examples/min_time_climb/ex_min_time_climb.py;dymos/phases/optimizer_based/gauss_lobatto_phase.py;dymos/phases/optimizer_based/radau_pseudospectral_phase.py;dymos/phases/phase_base.py,12;2;2;2;119,1;2;2;2;60
ec4774e2e861744e628b70ae58802a28ce5056a6,Rob Falck,2018-04-11 08:24:51 -0400,33,dymos/examples/brachistochrone/ex_brachistochrone.py;dymos/examples/brachistochrone/test/test_doc_brachistochrone_implicit_recorder.py;dymos/examples/brachistochrone/test/test_ex_brachistochrone.py;dymos/examples/ssto/ex_ssto_earth.py;dymos/examples/ssto/ex_ssto_moon.py;dymos/examples/ssto/ex_ssto_moon_linear_tangent.py;dymos/examples/ssto/test/test_ex_ssto_earth.py;dymos/examples/ssto/test/test_ex_ssto_moon.py;dymos/examples/ssto/test/test_ex_ssto_moon_linear_tangent.py;dymos/phases/optimizer_based/gauss_lobatto_phase.py;dymos/phases/optimizer_based/radau_pseudospectral_phase.py;dymos/phases/phase_base.py,2;87;1;3;2;9;8;10;8;11;18;1,1;0;1;2;1;6;6;8;6;4;5;1
5653ef1240c212881029a4e0917473b439cc48ef,Rob Falck,2018-04-06 16:36:55 -0400,32,dymos/phases/phase_base.py;dymos/phases/tests/__init__.py;dymos/phases/tests/test_phase_base.py,12;0;91,0;0;0
ad89222f27f116d21af0703e91645d2c9247a18a,Rob Falck,2018-04-05 15:29:47 -0400,27,dymos/examples/brachistochrone/test/test_doc_brach_run_simul_derivs.py;dymos/examples/brachistochrone/test/test_doc_brach_run_without_simul_derivs.py,67;66,0;0
e7ca858bd1f77b09acf9bef9e38b6fd94b14f3c9,John T. Hwang,2018-04-04 14:36:56 -0400,25,dymos/examples/brachistochrone/ex_brachistochrone.py;dymos/examples/brachistochrone/test/test_ex_brachistochrone.py;dymos/phases/phase_base.py,9;12;1,4;4;4
8f3a13c265f495fdddbde4e0f6c8d0549278a85b,John T. Hwang,2018-04-02 15:16:25 -0400,,dymos/examples/brachistochrone/ex_brachistochrone.py;dymos/examples/brachistochrone/test/test_ex_brachistochrone.py;dymos/phases/components/continuity_comp.py,0;0;6,3;3;2
65566fa0697b8f13bf1cda8b8aefb8f8d39dc835,Rob Falck,2018-03-23 15:56:13 -0400,21,dymos/examples/brachistochrone/test/test_doc_brachistochrone.py;dymos/examples/brachistochrone/test/test_ex_brachistochrone.py;dymos/examples/ssto/ex_ssto_moon_linear_tangent.py;dymos/examples/ssto/launch_vehicle_linear_tangent_ode.py;dymos/examples/ssto/launch_vehicle_ode.py;dymos/examples/ssto/test/test_ex_ssto_earth.py;dymos/examples/ssto/test/test_ex_ssto_moon_linear_tangent.py;dymos/phases/optimizer_based/components/state_interp_comp.py;dymos/phases/optimizer_based/optimizer_based_phase_base.py;dymos/phases/phase_base.py,89;2;23;11;10;22;4;6;1;5,0;1;8;16;17;5;8;32;0;4
3b0ac450c406d230447205ccd4092b588a869051,Rob Falck,2018-03-22 10:04:31 -0400,20,dymos/phases/optimizer_based/components/state_interp_comp.py;dymos/phases/optimizer_based/components/test/test_state_interp_comp.py,31;411,12;0
6c4b038ed136f5264ea53118b47d89bb9e361df8,Rob Falck,2018-03-20 16:36:44 -0400,19,dymos/examples/brachistochrone/ex_brachistochrone.py;dymos/examples/double_integrator/ex_double_integrator.py;dymos/examples/min_time_climb/aero/test/test_cd0_comp.py;dymos/examples/min_time_climb/aero/test/test_cla_comp.py;dymos/examples/min_time_climb/aero/test/test_kappa_comp.py;dymos/examples/min_time_climb/ex_min_time_climb.py;dymos/examples/ssto/test/test_ex_ssto_moon.py;dymos/examples/ssto/test/test_ex_ssto_moon_linear_tangent.py;dymos/models/atmosphere/test/test_atmos.py;dymos/phases/components/endpoint_conditions_comp.py;dymos/phases/components/tests/test_endpoint_conditions_comp.py;dymos/phases/optimizer_based/components/test/__init__.py;dymos/phases/optimizer_based/optimizer_based_phase_base.py;dymos/phases/phase_base.py,3;4;3;3;3;3;3;0;2;52;65;0;99;4,8;5;0;0;0;0;3;1;0;54;27;0;2;116
5e53d958a4e30a960e564e5d2bb083fa8964256e,Justin Gray,2018-03-20 15:08:33 -0400,15,dymos/examples/brachistochrone/ex_brachistochrone.py;dymos/examples/double_integrator/ex_double_integrator.py;dymos/examples/ssto/ex_ssto_earth.py;dymos/examples/ssto/ex_ssto_moon.py;dymos/examples/ssto/ex_ssto_moon_linear_tangent.py;dymos/examples/ssto/test/test_ex_ssto_earth.py;dymos/examples/ssto/test/test_ex_ssto_moon.py;dymos/examples/ssto/test/test_ex_ssto_moon_linear_tangent.py;dymos/utils/lgl.py,7;5;1;10;1;109;103;82;0,0;0;66;78;50;17;24;2;1
41ab8475e5ae6fa8bfe9d26026043377c90849c2,John T. Hwang,2018-03-20 12:00:26 -0400,,dymos/examples/brachistochrone/test/test_ex_brachistochrone.py,2,2
8ab3f91b908739f3a37665ea6b036fb1fe221a8a,John T. Hwang,2018-03-20 10:37:46 -0400,,dymos/examples/brachistochrone/ex_brachistochrone.py,1,1
428ebdf07bb99ae236e74f0d14aaea4c7671344b,John T. Hwang,2018-03-19 16:41:40 -0400,,dymos/examples/brachistochrone/test/test_ex_brachistochrone.py;dymos/tests/test_pep8.py,1;1,0;1
11cf1b1ec50a16a99b3e457297d3b733d3de0c9d,John T. Hwang,2018-03-19 16:26:01 -0400,,dymos/examples/brachistochrone/ex_brachistochrone.py;dymos/examples/brachistochrone/test/test_ex_brachistochrone.py,3;3,2;1
434738e11c9597f80a7fc24e90b054b2b5600cb0,John T. Hwang,2018-03-19 11:06:48 -0400,14,dymos/tests/test_pep8.py,1,1
d7bf7d84f13b8bd7267cf9b1170713516de74ebe,John T. Hwang,2018-03-19 09:57:45 -0400,,dymos/tests/test_pep8.py,1,1
8317f20a127061e5bba8fec5b0dd20bbd92e142e,John T. Hwang,2018-03-18 12:43:25 -0400,,dymos/examples/brachistochrone/ex_brachistochrone.py,1,2
035d862ac90a1d7df491c4e6fb329fe20b1ed6fa,John T. Hwang,2018-03-18 12:34:20 -0400,,dymos/examples/brachistochrone/ex_brachistochrone.py,2,1
ed7f4a3ed97b9bc28c9da3af5f01a2b71daf36ab,John T. Hwang,2018-03-18 11:50:27 -0400,,dymos/examples/brachistochrone/test/test_ex_brachistochrone.py,1,1
738a584f0ac5fbe2b07d7927b2a5a6af6b194d9f,John T. Hwang,2018-03-18 11:44:41 -0400,,dymos/examples/brachistochrone/test/test_ex_brachistochrone.py,2,1
38db38588d3b7c592431301e2ee83cf7a9b36460,John T. Hwang,2018-03-18 11:31:36 -0400,,dymos/examples/brachistochrone/ex_brachistochrone.py;dymos/examples/brachistochrone/test/test_ex_brachistochrone.py,3;3,2;4
9fdb5e0c884ab907809b749c496094a961ac50af,John T. Hwang,2018-03-18 09:45:18 -0400,,dymos/examples/brachistochrone/ex_brachistochrone.py,4,4
85e4671dc686da59734c3043efae162fa7775b0d,John T. Hwang,2018-03-17 16:47:55 -0400,,dymos/examples/ssto/test/test_ex_ssto_moon.py;dymos/phases/phase_base.py,13;3,13;3
638f12b741cc3c1742e638a9e84926e68d5c0f2d,Rob Falck,2018-03-17 10:44:06 -0400,13,dymos/examples/brachistochrone/ex_brachistochrone.py;dymos/examples/brachistochrone/test/test_ex_brachistochrone.py;dymos/examples/double_integrator/ex_double_integrator.py;dymos/examples/ssto/ex_ssto_earth.py;dymos/phases/optimizer_based/optimizer_based_phase_base.py;dymos/phases/phase_base.py;setup.py,2;7;2;22;16;13;1,6;1;1;5;89;4;1
a0d9ef6d82246867774d1d0758262ba68550657d,John T. Hwang,2018-03-16 17:45:27 -0400,,dymos/examples/brachistochrone/test/test_ex_brachistochrone.py,1,1
5ec408aac3d7da1b386726acf2503e8b7a4b2d3b,John T. Hwang,2018-03-16 16:53:29 -0400,,dymos/examples/brachistochrone/test/test_ex_brachistochrone.py,3,2
82449a05424a5898094194e2a0fd77705017d0a3,John T. Hwang,2018-03-16 16:11:40 -0400,,dymos/examples/brachistochrone/test/test_ex_brachistochrone.py;dymos/phases/phase_base.py,4;2,1;2
82be965e73ebeaf2ec8c195c0000e820a8fb7eeb,John T. Hwang,2018-03-16 15:13:18 -0400,,dymos/phases/phase_base.py,9,0
966e5e18ff18eef4217a76c48560528423f26eee,John T. Hwang,2018-03-16 15:03:48 -0400,,dymos/examples/brachistochrone/brachistochrone_ode.py;dymos/examples/brachistochrone/ex_brachistochrone.py;dymos/examples/min_time_climb/aero/cd0_comp.py;dymos/examples/min_time_climb/aero/cl_comp.py;dymos/examples/min_time_climb/aero/cla_comp.py;dymos/examples/min_time_climb/aero/kappa_comp.py;dymos/examples/min_time_climb/aero/lift_drag_force_comp.py;dymos/examples/min_time_climb/aero/test/test_aerodynamics.py;dymos/examples/min_time_climb/prop/max_thrust_comp.py;dymos/examples/min_time_climb/prop/mdot_comp.py;dymos/examples/min_time_climb/test/test_ex_min_time_climb.py;dymos/examples/ssto/linear_tangent_guidance_comp.py;dymos/examples/ssto/log_atmosphere_comp.py;dymos/models/eom/test/test_flight_path_eom_2d.py;dymos/phases/components/tests/test_endpoint_conditions_comp.py;dymos/phases/components/tests/test_phase_linkage_comp.py;dymos/phases/components/tests/test_time_comp.py;dymos/phases/grid_data.py;dymos/phases/optimizer_based/components/state_interp_comp.py;dymos/phases/optimizer_based/gauss_lobatto_phase.py;dymos/phases/optimizer_based/optimizer_based_phase_base.py;dymos/phases/phase_base.py;dymos/tests/test_pep8.py;dymos/utils/hermite.py;dymos/utils/interpolate.py;dymos/utils/lg.py;dymos/utils/lgl.py;dymos/utils/lgr.py;dymos/utils/test/test_hermite.py;dymos/utils/test/test_lgr.py,10;2;3;1;4;3;8;6;6;4;1;5;2;3;7;3;4;5;2;1;6;5;1;11;1;6;3;10;4;2,10;2;3;1;4;3;8;6;7;4;1;5;2;3;6;3;4;5;2;1;6;5;1;11;1;6;3;7;4;2
788a565fbdabe58d62c92f5e475f818e23009932,Justin Gray,2018-03-15 18:16:54 -0400,11,dymos/models/atmosphere/test/test_atmos.py;dymos/phases/components/tests/test_endpoint_conditions_comp.py;dymos/phases/components/tests/test_time_comp.py;dymos/tests/test_ode_options.py;dymos/tests/test_pep8.py;dymos/utils/test/test_hermite.py;dymos/utils/test/test_lg.py;dymos/utils/test/test_lgr.py,3;3;4;4;4;4;4;4,0;0;0;0;0;0;0;0
03901e2a4e6662e86cec4f8ae33af157857fc8a0,John T. Hwang,2018-03-15 16:31:42 -0400,,dymos/examples/brachistochrone/ex_brachistochrone.py;dymos/examples/brachistochrone/test/test_ex_brachistochrone.py;dymos/phases/optimizer_based/gauss_lobatto_phase.py;dymos/phases/optimizer_based/radau_pseudospectral_phase.py;dymos/phases/phase_base.py,48;23;3;3;6,27;6;0;0;0
256d9a167f3199b6fe32d2c469fa7c7523391087,John T. Hwang,2018-03-15 14:54:01 -0400,,dymos/phases/optimizer_based/gauss_lobatto_phase.py;dymos/phases/optimizer_based/radau_pseudospectral_phase.py;dymos/phases/phase_base.py,3;3;3,3;3;3
d03c1cb372a5541ef543e1dd3843e39ef6b20f3b,Rob Falck,2018-03-15 13:20:34 -0400,10,dymos/examples/brachistochrone/brachistochrone_ode.py;dymos/examples/brachistochrone/ex_brachistochrone.py;dymos/examples/brachistochrone/test/test_ex_brachistochrone.py;dymos/examples/min_time_climb/test/test_ex_min_time_climb.py;dymos/phases/components/tests/test_endpoint_conditions_comp.py;dymos/phases/optimizer_based/optimizer_based_phase_base.py;setup.py,8;7;1;2;0;88;2,8;49;1;3;1;4;2
a21fa31dd62108a0fb5886a7eab4e766509b55eb,John T. Hwang,2018-03-14 20:51:29 -0400,,dymos/examples/brachistochrone/ex_brachistochrone.py,0,2
87e227b79072d2c6a7d7c396675d0fb77b8c6acc,John T. Hwang,2018-03-14 17:50:26 -0400,,dymos/phases/grid_data.py;dymos/utils/lgl.py,31;1,2;0
603a04e34df859bb7331b33bc93cb6565c1fe24d,John T. Hwang,2018-03-13 15:24:49 -0400,,dymos/examples/brachistochrone/ex_brachistochrone.py;dymos/ode_options.py;dymos/phases/grid_data.py;dymos/phases/phase_base.py;dymos/phases/phase_factory.py;dymos/tests/test_ode_options.py,2;1;5;1;3;0,0;54;0;2;1;4
7e3d487c19a178318724a051c71fcc3e11ad4a02,Rob Falck,2018-03-08 17:35:04 -0500,9,dymos/examples/brachistochrone/ex_brachistochrone.py;dymos/examples/double_integrator/ex_double_integrator.py;dymos/examples/double_integrator/test/test_ex_double_integrator.py;dymos/examples/min_time_climb/ex_min_time_climb.py;dymos/examples/min_time_climb/test/test_ex_min_time_climb.py;dymos/examples/ssto/ex_ssto_earth.py;dymos/examples/ssto/ex_ssto_moon.py;dymos/examples/ssto/ex_ssto_moon_linear_tangent.py;dymos/examples/ssto/test/test_ex_ssto_moon.py;dymos/examples/ssto/test/test_ex_ssto_moon_linear_tangent.py;dymos/phases/optimizer_based/gauss_lobatto_phase.py;dymos/phases/optimizer_based/radau_pseudospectral_phase.py,31;37;8;1;2;5;5;5;1;1;44;32,29;35;23;2;71;5;4;4;1;1;5;10
72a02bf8b37744659590e02de2adc6b88af141eb,Rob Falck,2018-03-07 15:35:03 -0500,,dymos/phases/phase_base.py;setup.py,2;4,2;2
2b6f10866240f52ee21e6870db6a953d7a7c2237,Rob Falck,2018-03-07 13:57:00 -0500,,setup.py,3,3
23d4d88b8a0bb10562078895f3d8f0cda2d1efd5,Rob Falck,2018-02-13 11:36:09 -0500,,setup.py,33,0
