87f55e4d30800c085ea786bf40c9412b816969e6,Richard Gass,2013-03-13 10:12:25 +0000,,src/tashi/client/tashi-client.py;src/tashi/clustermanager/clustermanagerservice.py;src/tashi/dfs/diskimage.py;src/tashi/dfs/diskimageinterface.py;src/tashi/rpycservices/rpycservices.py,10;25;46;31;1,0;2;0;0;1
a1ec4ce402569e2fc9f35f7dcae067c9d4db9956,Richard Gass,2013-03-11 13:40:25 +0000,,src/tashi/clustermanager/data/getentoverride.py,14,1
0caad5fa46a5cd9b0a2f51f97232c51cb42d73ba,Richard Gass,2013-02-01 13:37:40 +0000,,src/tashi/nodemanager/vmcontrol/qemu.py,1,1
366a538df360033b400efd937c97b0331b1c6a41,Richard Gass,2013-01-15 14:03:20 +0000,,src/tashi/nodemanager/vmcontrol/qemu.py,1,1
985f38f5991f882b6170798e8d6366c48ea127fe,Richard Gass,2013-01-08 15:13:59 +0000,,src/zoni/agents/dhcpdns.py;src/zoni/client/zoni-cli.py;src/zoni/data/resourcequerysql.py;src/zoni/extensions/m_extensions.py;src/zoni/install/db/zoniDbSetup.py,20;2;1;3;1,7;3;1;3;1
e257e992a0dca9b9da4191eb0316deaba57f7711,Richard Gass,2013-01-08 11:54:16 +0000,,src/tashi/agents/dhcpdns.py;src/tashi/client/tashi-client.py,48;1,26;1
9dee3fd19dea665d022f1b0e80ba2f745c63eb79,Richard Gass,2013-01-04 11:29:59 +0000,,src/zoni/install/dnsdhcp/zoniDnsDhcpSetup.py,1,1
cc26c9bc67d403af6d48a21459a3fad75fe594dd,Michael Stroucken,2012-08-22 02:12:16 +0000,,src/tashi/nodemanager/nodemanagerservice.py,9,4
762d9c3ff5317e3c195e95f3a2d53ec0d1756779,Michael Stroucken,2012-08-21 16:02:55 +0000,,src/tashi/client/tashi-admin.py,1,1
3090b231d394b8ce6b6039e492e1a704f731a083,Michael Stroucken,2012-08-20 23:20:10 +0000,,src/tashi/client/tashi-admin.py;src/tashi/clustermanager/clustermanagerservice.py,20;21,3;11
99e2cfd8185b9564c7a51f2e543015dc5d9f7e00,Michael Stroucken,2012-08-20 23:20:07 +0000,,src/tashi/client/tashi-admin.py;src/tashi/clustermanager/clustermanagerservice.py,2;1,2;3
bbdf1887a2dfcad6b6a9c890d27fecabce627bb3,Michael Stroucken,2012-08-20 23:20:05 +0000,,src/tashi/clustermanager/clustermanagerservice.py;src/tashi/rpycservices/rpycservices.py,50;1,0;1
52cb5ae2dc1eb341cff3490cbb218526b95b5568,Michael Stroucken,2012-08-20 23:20:02 +0000,,src/tashi/client/tashi-admin.py,47,9
0de9390cbb9550f22ffc577606fea0b224512b04,Michael Stroucken,2012-08-20 23:20:00 +0000,,src/tashi/client/tashi-admin.py,21,0
32f8183bcd403532465eb6e2b29195f0fcc418ab,Michael Stroucken,2012-08-08 02:34:03 +0000,,src/tashi/nodemanager/nodemanagerservice.py,6,0
5c93735dbae1232fe30e766736543d649e000180,Michael Stroucken,2012-08-08 02:34:00 +0000,,src/tashi/nodemanager/nodemanagerservice.py;src/tashi/nodemanager/vmcontrol/qemu.py,1;8,0;1
d1fa524ecb8ecc0316511eb5c74330a4811f91c7,Michael Stroucken,2012-08-08 02:33:57 +0000,,src/tashi/nodemanager/vmcontrol/qemu.py,5,6
507e6cbc135a1d9d2988d35dd64a54903ade6207,Michael Stroucken,2012-08-08 02:33:55 +0000,,src/tashi/nodemanager/vmcontrol/qemu.py,4,0
ee6f8e2a074c21448331b40248a5bca0536b5344,Michael Stroucken,2012-08-08 00:29:17 +0000,,src/tashi/nodemanager/vmcontrol/qemu.py,1,1
1cc573777196d3d912c811705841e168eefe9fd2,Michael Stroucken,2012-08-08 00:29:14 +0000,,src/tashi/nodemanager/vmcontrol/qemu.py,4,0
8c3a1f2c68d6e2834ae723b69175fa909144a2b0,Michael Stroucken,2012-08-08 00:29:08 +0000,,src/tashi/clustermanager/data/sql.py,4,2
9e1a13ba9afc3cb7893b0a62f31382825fd0db8c,Michael Stroucken,2012-08-06 23:37:28 +0000,,src/tashi/clustermanager/data/fromconfig.py,1,1
dab87adbc1699c593e4c0cacc3b8f967b73a9020,Michael Stroucken,2012-08-06 23:37:26 +0000,,src/tashi/clustermanager/clustermanagerservice.py,6,1
b4b91ad69751fe3e186c5cc85ced6dd677806f3a,Michael Stroucken,2012-08-06 23:37:23 +0000,,src/tashi/util.py,5,0
be48541f192a266045b8eb3912e8376eb0874b30,Michael Stroucken,2012-08-06 23:37:20 +0000,,src/tashi/nodemanager/vmcontrol/qemu.py,0,1
d66f9fb97f7cfe658826a1f7e956156d0b1e9354,Michael Stroucken,2012-08-03 02:11:49 +0000,,src/tashi/client/tashi-client.py,3,0
be680abfe66ec3a324e5337692e89b68e44cc105,Michael Stroucken,2012-08-02 20:05:43 +0000,,src/tashi/nodemanager/vmcontrol/qemu.py,2,1
e3d5cee058f495af1e9e63db2851b22207e087fd,Michael Stroucken,2012-08-02 20:05:38 +0000,,src/tashi/nodemanager/nodemanagerservice.py,6,3
e8155c64df653e02b91744ab6bd56982884f9fbd,Michael Stroucken,2012-08-02 20:05:32 +0000,,src/tashi/client/tashi-admin.py;src/tashi/clustermanager/clustermanagerservice.py;src/tashi/clustermanager/data/fromconfig.py;src/tashi/clustermanager/data/sql.py;src/tashi/rpycservices/rpycservices.py,40;8;3;5;1,0;1;0;0;1
c90d2fa0bc104facf762a504cb484533364a916c,Michael Stroucken,2012-08-02 19:50:50 +0000,,src/tashi/clustermanager/data/sql.py,1,1
75cc629a6cfadfb9dd05b84f9bae758b915dd537,Michael Stroucken,2012-08-02 19:50:48 +0000,,src/tashi/client/tashi-client.py,0,4
11a6b8bcef1bc337a2282a162e4a4fac25e374e4,Michael Stroucken,2012-08-02 17:47:50 +0000,,src/tashi/nodemanager/vmcontrol/qemu.py,30,31
2d10fb31ef185be236e90008e3613bb3cd7f711a,Michael Stroucken,2012-08-02 01:45:32 +0000,,src/tashi/nodemanager/vmcontrol/qemu.py,4,2
2810e56680345147c9de48958bddc02c0155ca11,Michael Stroucken,2012-08-01 16:03:02 +0000,,src/tashi/nodemanager/vmcontrol/qemu.py,16,10
8c8d02c48f973e38f00349aaa2acf82d580e2c1f,Michael Stroucken,2012-07-27 04:29:44 +0000,,src/tashi/clustermanager/clustermanagerservice.py,0,77
c3edba5a8c7c99e5886be33fd7ae78f575c98637,Michael Stroucken,2012-07-27 04:18:37 +0000,,src/tashi/client/tashi-admin.py,32,336
6b432018198536cd53d54b81bfed84745008f8a9,Michael Stroucken,2012-07-27 04:18:24 +0000,,src/tashi/nodemanager/nodemanagerservice.py,21,2
7b2e2684d6a76d9b629d6f7d9ff4d8ea87797b9e,Michael Stroucken,2012-07-27 04:18:11 +0000,,src/tashi/client/tashi-admin.py,1,1
0e86153631e5f872b0e86590262b41c09d574021,Michael Stroucken,2012-07-27 04:17:59 +0000,,src/tashi/client/tashi-admin.py;src/tashi/client/tashi-client.py,52;0,108;8
bc256b01ed42034946cd916eb042cb85a911a9ff,Michael Stroucken,2012-07-27 04:17:23 +0000,,src/tashi/client/tashi-admin.py,5,144
738686efdf34e18273069b57c6a9971d146cc6a3,Michael Stroucken,2012-07-27 04:17:03 +0000,,src/tashi/client/tashi-admin.py,648,0
6c1c97650e01a4677a098ca3e2472ddef62eb442,Michael Stroucken,2012-07-27 04:16:48 +0000,,src/tashi/clustermanager/clustermanagerservice.py,78,1
e46388904348a8e0234e744841849643250de32c,Michael Stroucken,2012-07-19 22:07:38 +0000,,src/tashi/utils/timeout.py,1,1
05a5018a62c501308b7719c888291fc57bc96fd3,Michael Stroucken,2012-07-19 22:07:35 +0000,,src/tashi/clustermanager/clustermanagerservice.py,3,0
8fad88516a55b2e952e2983798f451f8533f3b61,Michael Stroucken,2012-07-19 22:07:32 +0000,,src/tashi/nodemanager/vmcontrol/qemu.py,2,1
c2abc2349244c095e490063ca5e7cc24ec5a7e58,Michael Stroucken,2012-07-19 19:30:37 +0000,,src/tashi/nodemanager/nodemanagerservice.py,49,0
64b22aa52391cbcbf55f364a81df19527cd4ff71,Michael Stroucken,2012-07-19 00:12:06 +0000,,src/tashi/clustermanager/clustermanagerservice.py,1,1
492c3b66bd5301cd56358cd5c6d2b51e33724bb5,Michael Stroucken,2012-07-19 00:09:54 +0000,,src/tashi/client/tashi-client.py,1,1
0fd5fc79e2375f6a953b02a6ad66b6c0e2c5f975,Michael Stroucken,2012-07-19 00:09:13 +0000,,src/tashi/client/tashi-client.py,4,4
21b567bd728c5a652295a2a4fa807b039bae300d,Michael Stroucken,2012-07-19 00:03:52 +0000,,src/tashi/client/tashi-client.py;src/tashi/clustermanager/clustermanagerservice.py;src/tashi/rpycservices/rpycservices.py,4;11;1,0;0;1
aeb540d7b37d8831eaab6c61d7af7331edd5017f,Michael Stroucken,2012-07-19 00:03:48 +0000,,src/tashi/client/tashi-client.py,4,4
4bb8c541ff440cbf89d902577d0412adf88e81fe,Michael Stroucken,2012-07-11 21:25:52 +0000,,src/tashi/nodemanager/vmcontrol/qemu.py,18,1
c46ad1b1b8ded25caad0603a99baedad81262df2,Michael Stroucken,2012-07-11 02:42:03 +0000,,src/tashi/client/tashi-client.py,3,0
c6da92d9e02cd9c9a931db30cce28605314b933f,Michael Stroucken,2012-07-11 02:28:58 +0000,,src/tashi/client/tashi-client.py,1,1
e3321eed0d4f1a4e43ad7280c3495a75a2fd9b77,Michael Stroucken,2012-07-11 02:28:56 +0000,,src/tashi/client/tashi-client.py,1,1
45041115344d82903de0b95506b035117a0fc0ec,Michael Stroucken,2012-07-11 02:28:49 +0000,,src/tashi/client/tashi-client.py,6,6
d7ee531acb31ee0b65873d03fac4a1d6879e0b34,Michael Stroucken,2012-06-28 21:47:08 +0000,,src/tashi/client/tashi-client.py,1,1
c8108cc3cab8f066d14e6789e4f0ceec9cdb90a4,Michael Stroucken,2012-06-28 21:24:55 +0000,,src/tashi/client/tashi-client.py,5,0
7023c5cd0a14f13605944daee9ef40ad8e45858b,Michael Stroucken,2012-06-28 21:24:51 +0000,,src/tashi/client/tashi-client.py,5,8
eaa685200d203afd4627400636f981bee6dafc6d,Michael Stroucken,2012-06-28 16:27:55 +0000,,src/tashi/clustermanager/clustermanagerservice.py,3,2
0c5d1fce066450fd3f31accf8ebb6ebc93e2e57c,Michael Stroucken,2012-06-26 20:37:30 +0000,,src/tashi/client/tashi-client.py,8,0
0a6ad98efbb038e95ec914f502345483cf3b8167,Michael Stroucken,2012-06-21 21:39:38 +0000,,src/tashi/clustermanager/data/sql.py,15,9
98d6297848b8ca8f37b220d97968ddf221760807,Michael Stroucken,2012-06-21 21:39:35 +0000,,src/tashi/clustermanager/data/pickled.py,10,8
4fccdd971395d32cacb1a65b6e012e4543b566c1,Michael Stroucken,2012-06-21 21:39:31 +0000,,src/tashi/client/tashi-client.py,15,15
3c104f5c00076ac7413ce95d32acec8cbba95aa1,Michael Stroucken,2012-06-21 20:58:04 +0000,,src/tashi/agents/primitive.py,4,4
59333c12127ba50acb1d6e90876cb2295ad11993,Michael Stroucken,2012-06-20 19:29:26 +0000,,src/tashi/agents/primitive.py,9,9
fcbf98cd434c21a4d802c4d840e3b851cc7e3879,Michael Stroucken,2012-06-20 19:29:23 +0000,,src/tashi/nodemanager/nodemanagerservice.py,5,0
1dbeed24568bc1bd090e1cf24fb8c26c02a25bfd,Michael Stroucken,2012-06-20 02:28:59 +0000,,src/zoni/data/resourcequerysql.py,6,4
5c7df7a32390e7a4966cf98929b5868c5bff65e3,Michael Stroucken,2012-06-20 02:25:13 +0000,,src/zoni/client/zoni-cli.py;src/zoni/data/resourcequerysql.py;src/zoni/extensions/install/db/m_extendDbSetup.py;src/zoni/extensions/install/www/bootnode.py;src/zoni/extensions/install/www/getnpass.py;src/zoni/extensions/m_extensions.py;src/zoni/extra/util.py;src/zoni/hardware/hpilo.py;src/zoni/hardware/systemmanagementinterface.py,58;31;176;39;31;256;6;36;4,2;4;0;0;0;0;1;16;3
7d55fefaaba8a2286507ad6bdf83a1d39d312323,Michael Stroucken,2012-06-17 05:16:08 +0000,,src/tashi/client/tashi-client.py;src/tashi/clustermanager/clustermanagerservice.py;src/tashi/nodemanager/nodemanagerservice.py;src/tashi/nodemanager/vmcontrol/qemu.py;src/tashi/util.py,1;1;0;2;1,1;1;2;3;0
80029f82288c72d3a53b0353eb003c76dd8acc70,Michael Stroucken,2012-06-17 05:16:04 +0000,,src/tashi/client/tashi-client.py;src/tashi/util.py,6;2,6;3
370dad949aa26c834802c0f33fa8b697a5ad2ace,Michael Stroucken,2012-06-17 05:16:00 +0000,,src/tashi/accounting/accounting.py;src/tashi/agents/dhcpdns.py;src/tashi/agents/mauiwiki.py;src/tashi/client/tashi-client.py;src/tashi/clustermanager/clustermanager.py;src/tashi/clustermanager/clustermanagerservice.py;src/tashi/clustermanager/data/datainterface.py;src/tashi/clustermanager/data/fromconfig.py;src/tashi/clustermanager/data/getentoverride.py;src/tashi/clustermanager/data/ldapoverride.py;src/tashi/clustermanager/data/pickled.py;src/tashi/clustermanager/data/sql.py;src/tashi/connectionmanager.py;src/tashi/dfs/vfs.py;src/tashi/messaging/gangliapublisher.py;src/tashi/messaging/messagingloghandler.py;src/tashi/nodemanager/nodemanager.py;src/tashi/nodemanager/nodemanagerservice.py;src/tashi/nodemanager/vmcontrol/qemu.py;src/tashi/nodemanager/vmcontrol/xenpv.py;src/tashi/parallel.py;src/tashi/rpycservices/rpyctypes.py;src/tashi/util.py;src/tashi/utils/pseudoDes.py;src/zoni/agents/dhcpdns.py;src/zoni/bootstrap/bootstrapinterface.py;src/zoni/bootstrap/pxe.py;src/zoni/client/zoni-cli.py;src/zoni/data/infostore.py;src/zoni/data/reservation.py;src/zoni/data/reservationmanagementinterface.py;src/zoni/data/resourcequerysql.py;src/zoni/data/usermanagement.py;src/zoni/data/usermanagementinterface.py;src/zoni/extra/util.py;src/zoni/hardware/apcswitchedrackpdu.py;src/zoni/hardware/delldrac.py;src/zoni/hardware/dellswitch.py;src/zoni/hardware/f10s50switch.py;src/zoni/hardware/hpilo.py;src/zoni/hardware/hpswitch.py;src/zoni/hardware/hwswitchinterface.py;src/zoni/hardware/ipmi.py;src/zoni/hardware/raritanpdu.py;src/zoni/hardware/systemmanagement.py;src/zoni/hardware/systemmanagementinterface.py;src/zoni/install/db/zoniDbSetup.py;src/zoni/install/dnsdhcp/zoniDnsDhcpSetup.py;src/zoni/install/pxe/zoniPxeSetup.py;src/zoni/install/www/zoniWebSetup.py;src/zoni/services/pcvciservice.py;src/zoni/services/zonimanager.py;src/zoni/version.py,3;20;23;14;0;1;4;26;11;11;10;20;0;0;0;3;0;7;15;17;20;2;9;1;1;0;0;15;0;2;2;32;0;0;20;3;13;19;9;0;3;0;0;14;4;0;11;4;9;8;3;2;1,4;20;28;12;1;2;4;26;11;12;10;20;1;1;1;1;2;6;13;18;19;0;10;1;0;4;1;22;4;3;5;36;1;3;16;5;14;21;11;3;5;2;3;14;6;3;13;7;12;13;3;9;1
01d055e16c38efa847f456488413b195cc9f8d80,Michael Stroucken,2012-06-12 20:42:31 +0000,,src/tashi/client/tashi-client.py;src/tashi/clustermanager/clustermanagerservice.py,4;2,3;6
70a7a0899af31dbec7f34171fedf99f5615cd67b,Michael Stroucken,2012-06-12 20:42:25 +0000,,src/tashi/client/tashi-client.py;src/tashi/clustermanager/clustermanagerservice.py;src/tashi/rpycservices/rpycservices.py,20;25;1,1;2;1
7cbd32a4a72f3c577cab534ca56b160e44f60937,Michael Stroucken,2012-06-11 22:32:52 +0000,,src/tashi/nodemanager/vmcontrol/qemu.py,1,1
44e6ab8bea903d3dcded151c06ced5cfbc288ccb,Michael Stroucken,2012-06-11 21:52:29 +0000,,src/tashi/clustermanager/clustermanagerservice.py;src/tashi/nodemanager/nodemanagerservice.py,96;25,43;10
2d22bdb2bb08335787b7fc8f4d2105499d74a77d,Michael Stroucken,2012-06-11 21:52:25 +0000,,src/tashi/util.py,1,1
835f6d334a13b1499934d8d0119d94fadd57aa44,Michael Stroucken,2012-06-11 21:52:22 +0000,,src/tashi/clustermanager/clustermanagerservice.py,1,1
d67c8b71fb577c55132e3228e0453c14dc57f2c9,Michael Stroucken,2012-06-11 21:52:19 +0000,,src/tashi/accounting/accounting.py;src/tashi/clustermanager/clustermanager.py;src/tashi/nodemanager/nodemanager.py,2;3;3,0;0;0
c6e94401372e2fbce7f00f997a6912af6074314b,Michael Stroucken,2012-06-11 21:52:15 +0000,,src/tashi/util.py;src/tashi/utils/timeout.py,4;5,3;1
dd6b4c4ba9291ab1b801c89658e40599205182e5,Michael Stroucken,2012-06-11 21:52:10 +0000,,src/tashi/clustermanager/clustermanagerservice.py;src/tashi/nodemanager/nodemanagerservice.py;src/tashi/nodemanager/vmcontrol/qemu.py,8;2;12,2;2;9
13838598806e015a092edafa2542b2b5bb9ae6b4,Michael Stroucken,2012-06-11 21:52:06 +0000,,src/tashi/clustermanager/clustermanagerservice.py,2,0
dec855d1ab0ab29a1f6a39293d8d2bcd225d39b0,Richard Gass,2012-06-07 13:17:54 +0000,,src/tashi/nodemanager/vmcontrol/qemu.py,3,2
ef30842469ba62d43048c9e588e965a87ca0fdc6,Michael Stroucken,2012-05-23 05:06:02 +0000,,src/tashi/clustermanager/clustermanagerservice.py,1,1
699546cad9b76f5efa2049ed1521801105728bd7,Michael Stroucken,2012-05-23 05:05:59 +0000,,src/tashi/clustermanager/clustermanager.py,2,2
242c2f0d9d31fc46527eeaf44ac4e4364ddc941b,Michael Stroucken,2012-05-23 05:05:57 +0000,,src/tashi/clustermanager/clustermanager.py,3,1
80ffffe30fcdaa230e238b28197fcd1dcfdd8a1f,Michael Stroucken,2012-05-23 05:05:53 +0000,,src/tashi/nodemanager/nodemanagerservice.py,8,1
951ddede4499b65a2e44bc6c7954c99365ce1de9,Michael Stroucken,2012-05-17 20:37:14 +0000,,src/tashi/agents/instancehook.py;src/tashi/agents/mauiwiki.py;src/tashi/agents/primitive_zoni.py;src/tashi/rpycservices/rpycservices.py,2;108;5;3,2;1;0;0
27ea165225112a3ef76e02191ea2dd602fe39ba6,Michael Stroucken,2012-05-17 19:59:57 +0000,,src/tashi/accounting/accounting.py;src/tashi/agents/primitive.py;src/tashi/utils/config.py,5;5;3,2;2;0
c689becbc61d2e2fb3ebfe2285aca968b4d70a1b,Michael Stroucken,2012-05-17 18:59:05 +0000,,src/tashi/clustermanager/clustermanagerservice.py,1,5
2e1c7aed25a873a36391372d4538b48ae9e21112,Michael Stroucken,2012-05-17 03:06:58 +0000,,src/tashi/clustermanager/data/fromconfig.py;src/tashi/nodemanager/nodemanager.py;src/tashi/nodemanager/nodemanagerservice.py;src/tashi/nodemanager/vmcontrol/qemu.py;src/tashi/util.py;src/tashi/utils/__init__.py;src/tashi/utils/config.py;src/tashi/utils/timeout.py,2;6;20;23;26;17;56;62,0;4;19;29;2;0;0;0
dd2cdcfafa233677a1221557647c4397ec2bdc3f,Michael Stroucken,2012-05-16 20:32:41 +0000,,src/tashi/clustermanager/clustermanagerservice.py,4,1
807b3f62d3749173754f65338c87f43669f6009a,Michael Stroucken,2012-05-14 22:15:57 +0000,,src/tashi/nodemanager/vmcontrol/qemu.py,2,8
6e845b8bfe287fa2199bc9dc6b0abc8e5003b9ff,Michael Stroucken,2012-05-14 17:37:19 +0000,,src/tashi/nodemanager/vmcontrol/qemu.py,9,0
efc39005f26802993b43ee62272f9318600f7f7a,Michael Stroucken,2012-05-14 17:31:45 +0000,,src/tashi/agents/primitive.py;src/tashi/clustermanager/clustermanagerservice.py;src/tashi/nodemanager/nodemanagerservice.py;src/tashi/nodemanager/vmcontrol/qemu.py,15;3;2;2,1;0;0;0
a423fd3996f6a38551cd6ee2746524df4390783f,Michael Stroucken,2012-05-14 17:08:22 +0000,,src/tashi/agents/dhcpdns.py,2,0
1384febbe01cbf03568a4f9a2055e0acb2828194,Michael Stroucken,2012-05-14 17:06:29 +0000,,src/tashi/agents/primitive.py,4,1
7f45fad7131f112a2297324a75bdf6099ff1302c,Michael Stroucken,2012-05-11 17:48:18 +0000,,src/tashi/clustermanager/data/pickled.py,8,1
3be77d18a1f1ffcde20d999b288ab521af2f358f,Michael Stroucken,2012-04-03 17:30:10 +0000,,src/tashi/agents/dhcpdns.py,21,5
ab146f13179e791481eeffddba1cab69ba3ecda8,Michael Stroucken,2012-03-31 01:20:52 +0000,,src/tashi/clustermanager/clustermanagerservice.py,3,2
ae5c1bf9a213257a663212d2364df10905b5e7bf,Michael Stroucken,2012-03-24 01:15:46 +0000,,src/tashi/client/tashi-client.py,7,0
eeb83a0466fe98d78410d0a99502b21893a7c80a,Michael Stroucken,2012-03-24 01:07:59 +0000,,src/tashi/client/tashi-client.py,1,1
e4335789b231fde0b2e6257d5c00a55d2355b5ec,Michael Stroucken,2012-03-23 22:56:37 +0000,,src/tashi/client/tashi-client.py;src/tashi/clustermanager/clustermanager.py;src/tashi/clustermanager/clustermanagerservice.py,1;1;13,1;1;1
fd6fba96a2b08c620ecd228cf7a573755eca7bc0,Michael Stroucken,2012-03-23 21:10:52 +0000,,src/tashi/nodemanager/vmcontrol/qemu.py,43,11
ebbfa8ba3976d83207a26881a35d7ce824fad62c,Michael Stroucken,2012-03-23 13:28:55 +0000,,src/tashi/clustermanager/clustermanagerservice.py;src/tashi/nodemanager/nodemanagerservice.py;src/tashi/nodemanager/vmcontrol/qemu.py,52;2;11,11;0;5
8691270b6a84d66d547e26a7a96b630ad5444b7a,Michael Stroucken,2012-03-15 20:26:41 +0000,,src/tashi/nodemanager/vmcontrol/qemu.py,2,4
67f9535802cdf891aff4d791ba4b1a96c969a620,Michael Stroucken,2012-03-15 20:07:59 +0000,,src/tashi/nodemanager/vmcontrol/qemu.py,1,1
5658dcba790d34f4f837c7e789a374d791cd67df,Michael Stroucken,2012-03-15 19:18:42 +0000,,src/tashi/nodemanager/vmcontrol/qemu.py,9,3
3c81370f55e340a0e11fe65c231bfa227457ece0,Michael Stroucken,2012-03-15 19:13:04 +0000,,src/tashi/nodemanager/vmcontrol/qemu.py,1,1
5a4961e4d7270c284a337c1eb1cf351e79e069cb,Michael Stroucken,2012-03-15 18:45:57 +0000,,src/tashi/util.py,1,1
b3325be5fd06137a45c2d965dad898fc5a5adcd2,Michael Stroucken,2012-03-15 18:43:30 +0000,,src/tashi/clustermanager/clustermanagerservice.py,7,2
54a660f6367f55924e3eb2039b7ced2d67bb489d,Michael Stroucken,2012-03-07 20:48:27 +0000,,src/tashi/util.py,15,7
39fc165194ba7717e1085e89563fa63be93f624a,Michael Stroucken,2012-03-07 19:31:42 +0000,,src/tashi/client/tashi-client.py;src/tashi/clustermanager/data/getentoverride.py;src/tashi/nodemanager/nodemanagerservice.py;src/tashi/util.py,2;2;2;2,1;2;0;2
b8cc7058e13d71f4e6714f5aa013815016525f5d,Michael Stroucken,2012-03-06 22:58:00 +0000,,src/tashi/accounting/accountingservice.py,1,1
fea4649da750bbd329485491975e61ad09c39281,Michael Stroucken,2012-03-06 22:57:56 +0000,,src/tashi/agents/primitive.py,1,1
a0b6e8a53851745458bb15f31504e9e2194bb6a0,Michael Stroucken,2012-03-05 18:29:01 +0000,,src/tashi/agents/primitive.py,1,1
aaf287ac4f6c6006b1c0ee52ab3a928208f4fd7a,Michael Stroucken,2012-03-05 01:31:28 +0000,,src/tashi/util.py,2,2
35aa964ecee69e17c69412eedcd4a0022f6d2898,Michael Stroucken,2012-03-05 01:30:15 +0000,,src/tashi/util.py,7,7
94dd429a527c36204e1a286a4b3042873f13e6a7,Michael Stroucken,2012-03-02 21:54:27 +0000,,src/tashi/accounting/accounting.py;src/tashi/agents/primitive.py;src/tashi/clustermanager/clustermanager.py;src/tashi/nodemanager/nodemanager.py,34;13;32;38,14;5;14;14
2b5b1161cd79e955c9c460da1d94b4160fbe5e60,Michael Stroucken,2012-03-01 04:57:29 +0000,,src/tashi/nodemanager/vmcontrol/qemu.py,14,10
f443358d9218fe023419d94e210fee0aed02dc44,Michael Stroucken,2012-03-01 02:40:25 +0000,,src/tashi/clustermanager/data/fromconfig.py;src/tashi/clustermanager/data/getentoverride.py,10;10,10;10
69b65b6a2a6df05682a4f1c987e32334856e2a5f,Michael Stroucken,2012-03-01 02:23:18 +0000,,src/tashi/clustermanager/data/fromconfig.py;src/tashi/clustermanager/data/getentoverride.py;src/tashi/clustermanager/data/pickled.py,4;3;2,2;1;0
ff69838154009c72002b0210f2046073913f38f4,Michael Stroucken,2012-03-01 02:02:05 +0000,,src/tashi/client/tashi-client.py,1,1
6af7fb2fb826690993569a0869af0d857eae7a01,Michael Stroucken,2012-03-01 02:01:19 +0000,,src/tashi/client/tashi-client.py,2,1
17bb5dc01f0b85ba926928061884fd19ea2dcae4,Michael Stroucken,2012-03-01 01:25:55 +0000,,src/tashi/client/tashi-client.py,7,5
8915163ea8e5bdf7a3a1035eefe5b6efca5c258e,Michael Stroucken,2012-03-01 01:11:38 +0000,,src/tashi/clustermanager/clustermanagerservice.py;src/tashi/clustermanager/data/fromconfig.py;src/tashi/clustermanager/data/getentoverride.py;src/tashi/clustermanager/data/sql.py;src/tashi/connectionmanager.py;src/tashi/nodemanager/nodemanagerservice.py;src/tashi/nodemanager/vmcontrol/qemu.py;src/tashi/util.py,2;20;20;20;4;2;52;67,2;0;0;0;2;0;36;6
6e9ed60e14caaab4b55ffa7323965da7be81aeb6,Michael Stroucken,2012-03-01 01:10:15 +0000,,src/tashi/client/tashi-client.py,18,4
ff3b8e242b29bdf448a39bbcca6e8d03649345d5,Michael Stroucken,2012-03-01 00:51:48 +0000,,src/tashi/clustermanager/clustermanagerservice.py;src/tashi/nodemanager/nodemanagerservice.py;src/tashi/util.py,1;1;2,1;1;2
553e581a0a5f0dd528875974423de854d8a51ba9,Michael Stroucken,2012-03-01 00:51:30 +0000,,src/tashi/client/tashi-client.py,17,8
adf532ef4f5617513bea6ed6d1c88578f6e0a2fd,Michael Stroucken,2012-02-29 23:58:10 +0000,,src/tashi/clustermanager/clustermanagerservice.py;src/tashi/connectionmanager.py;src/tashi/util.py,1;4;4,1;2;0
d2790e71db15f190ac63991c83bdd0e557ca9152,Michael Stroucken,2012-02-29 22:39:59 +0000,,src/tashi/util.py,5,5
1d52d693069d42dd2f6319439a7e097213dbcb54,Michael Stroucken,2012-02-29 22:24:35 +0000,,src/tashi/util.py,63,6
9f35c04711986b8244145377c5cdd4d0b97bfb66,Michael Stroucken,2012-02-29 20:57:40 +0000,,src/tashi/nodemanager/nodemanagerservice.py;src/tashi/nodemanager/vmcontrol/qemu.py,2;52,0;36
6804069fbf74d1857ea7f61a12d83e2618417fde,Michael Stroucken,2012-02-29 20:56:23 +0000,,src/tashi/client/tashi-client.py,8,1
292a465e0af4d25552767e171cad2edcaaf8ad17,Michael Stroucken,2012-02-29 20:51:07 +0000,,src/tashi/clustermanager/data/fromconfig.py;src/tashi/clustermanager/data/getentoverride.py;src/tashi/clustermanager/data/sql.py,4;4;4,0;0;0
7e4f43cba6ce699a1cdeaaeed0881f4ae73be06b,Michael Stroucken,2012-02-29 19:17:24 +0000,,src/tashi/clustermanager/data/fromconfig.py;src/tashi/clustermanager/data/getentoverride.py;src/tashi/clustermanager/data/sql.py,16;16;16,0;0;0
fa56fd0a67a9c3893c7631f9630e0d55452536d8,Michael Stroucken,2012-02-29 01:59:07 +0000,,src/tashi/accounting/accountingservice.py;src/tashi/agents/primitive.py;src/tashi/clustermanager/clustermanagerservice.py;src/tashi/clustermanager/data/ldapoverride.py;src/tashi/clustermanager/data/sql.py;src/tashi/nodemanager/nodemanagerservice.py;src/tashi/nodemanager/vmcontrol/qemu.py;src/tashi/nodemanager/vmcontrol/vmcontrolinterface.py;src/tashi/nodemanager/vmcontrol/xenpv.py;src/tashi/util.py;src/utils/nmd.py;src/zoni/client/zoni-cli.py;src/zoni/extra/util.py;src/zoni/hardware/delldrac.py;src/zoni/hardware/dellswitch.py;src/zoni/hardware/hpswitch.py;src/zoni/install/db/zoniDbSetup.py;src/zoni/install/dnsdhcp/zoniDnsDhcpSetup.py,34;5;13;10;11;44;1;2;5;10;68;5;10;2;1;3;4;1,34;5;13;10;10;45;1;2;5;2;67;5;3;2;1;3;4;1
c6edd7f58ae03fbaf3d9d5b087870141b2132fdf,Michael Stroucken,2012-02-28 16:46:43 +0000,,src/tashi/client/tashi-client.py,12,6
88404c729274e1d3f0ea85386cfe0875c40719ae,Michael Stroucken,2012-02-28 00:52:59 +0000,,src/tashi/client/tashi-client.py,20,1
7bd16f2ec43f61ee47f010a037d56523c60f617a,Michael Stroucken,2012-02-28 00:20:05 +0000,,src/tashi/nodemanager/vmcontrol/qemu.py,4,1
afffa9860ccabea3648d5ee97a5423ecc4cdf00d,Michael Stroucken,2012-02-27 23:54:01 +0000,,src/tashi/nodemanager/vmcontrol/xenpv.py,2,0
7e1494b94421f5efb719db7ceb56568e95ff6ea0,Michael Stroucken,2012-02-27 23:52:51 +0000,,src/tashi/nodemanager/vmcontrol/qemu.py,6,0
0e04126b4b49b0b5db2d64eaf9dfce5ff0860d69,Michael Stroucken,2012-02-27 20:19:02 +0000,,src/tashi/client/tashi-client.py;src/tashi/nodemanager/vmcontrol/qemu.py,2;2,0;1
6c47bc2e6e6da76137c9a684b3772731b8537089,Michael Stroucken,2012-02-24 20:24:24 +0000,,src/tashi/clustermanager/clustermanagerservice.py,1,1
f675c4fa9cff24e0e8035a80d00f9161d2164797,Michael Stroucken,2012-02-23 18:55:08 +0000,,src/tashi/clustermanager/data/pickled.py,6,1
4bd64082a7f8606d66ff090f06931fb9b816526f,Michael Stroucken,2012-02-22 21:42:49 +0000,,src/tashi/nodemanager/vmcontrol/xenpv.py;src/tashi/util.py,1;1,1;9
ecf0b215c24bb90581e504f6287dd6aab20d0126,Michael Stroucken,2012-02-22 20:12:20 +0000,,src/tashi/clustermanager/clustermanagerservice.py;src/tashi/clustermanager/data/datainterface.py;src/tashi/clustermanager/data/ldapoverride.py;src/tashi/clustermanager/data/pickled.py,8;3;16;4,7;0;1;4
6190ca34e1a46313d436118b423d12331d6adaf2,Michael Stroucken,2012-02-16 03:36:16 +0000,,src/tashi/client/tashi-client.py,1,1
364be19a114b15fca5f347809932224285ac7f19,Michael Stroucken,2012-02-16 03:32:44 +0000,,src/tashi/client/tashi-client.py,1,1
8b13feb260e543fa84497aafbac3b7011cc059ad,Michael Stroucken,2012-02-06 23:12:00 +0000,,src/tashi/nodemanager/vmcontrol/qemu.py,2,1
5204fbfbd671638447b8ead4ea6d2ab6699c3dc3,Michael Stroucken,2012-02-02 21:21:16 +0000,,src/tashi/clustermanager/clustermanagerservice.py,1,0
14b5e698c54bd21e76f477341570f279abb33e7f,Michael Stroucken,2012-01-26 23:17:45 +0000,,src/tashi/nodemanager/vmcontrol/qemu.py,1,1
41be709c24fb8cb8b410dd6cb5c590c5bb64455f,Michael Stroucken,2012-01-26 22:32:53 +0000,,src/tashi/client/tashi-client.py,3,1
fce964a567bf030e291361660c686e79ef964078,Michael Stroucken,2012-01-26 21:48:14 +0000,,src/tashi/nodemanager/nodemanagerservice.py;src/tashi/nodemanager/vmcontrol/qemu.py,11;1,3;1
37cdf6adcb635333837f2bf8eb44ab9951689bde,Michael Stroucken,2012-01-26 19:54:16 +0000,,src/tashi/nodemanager/vmcontrol/qemu.py,3,3
e92c5eb671b47231c1ae63730d382d5f12e0e778,Michael Stroucken,2012-01-25 03:15:47 +0000,,src/tashi/nodemanager/nodemanagerservice.py;src/tashi/util.py,0;1,1;1
1d34676c853f25a10776c43570b5ff0768663536,Michael Stroucken,2012-01-25 00:31:47 +0000,,src/tashi/client/tashi-client.py,2,0
1cdcc9ef83535af147937ad5c7818eeffa629a20,Michael Stroucken,2012-01-21 03:33:38 +0000,,src/tashi/nodemanager/vmcontrol/qemu.py,1,1
9c0b95bc6a3f18ebf798d0ba4de2423dbc896895,Michael Stroucken,2012-01-13 19:55:53 +0000,,src/tashi/clustermanager/clustermanagerservice.py;src/tashi/dfs/vfs.py;src/tashi/nodemanager/nodemanagerservice.py;src/tashi/nodemanager/vmcontrol/qemu.py,3;33;3;8,1;18;3;6
b8604dfb8dd59fe827c5d886591741619f2d6e07,Michael Stroucken,2012-01-12 01:41:14 +0000,,src/tashi/clustermanager/clustermanagerservice.py;src/tashi/nodemanager/nodemanagerservice.py;src/tashi/nodemanager/vmcontrol/qemu.py,6;1;11,0;1;5
9f9721aeafc60bace2cab686fae66f55844c6366,Michael Stroucken,2012-01-11 21:09:56 +0000,,src/tashi/clustermanager/clustermanagerservice.py;src/tashi/nodemanager/nodemanagerservice.py,1;1,2;1
c9c6591bc5ae1fa4f47f4174f56cd705aad73754,Michael Stroucken,2012-01-11 05:18:57 +0000,,src/tashi/clustermanager/data/sql.py;src/tashi/util.py,3;0,3;1
625aa6dd48852decea6b46c06ea2ead931a05adc,Michael Stroucken,2012-01-11 04:38:03 +0000,,src/tashi/accounting/accounting.py;src/tashi/accounting/accountingservice.py;src/tashi/agents/primitive.py;src/tashi/clustermanager/clustermanager.py;src/tashi/clustermanager/clustermanagerservice.py;src/tashi/clustermanager/data/fromconfig.py;src/tashi/clustermanager/data/pickled.py;src/tashi/clustermanager/data/sql.py;src/tashi/connectionmanager.py;src/tashi/nodemanager/nodemanager.py;src/tashi/nodemanager/nodemanagerservice.py;src/tashi/nodemanager/vmcontrol/qemu.py;src/tashi/parallel.py;src/tashi/rpycservices/rpycservices.py;src/tashi/util.py,8;1;4;0;5;2;1;1;1;0;4;9;2;1;11,24;5;9;4;8;2;1;3;2;1;8;11;2;1;9
09164d598bae7c70beeb95445dd08c84ac55c219,Michael Stroucken,2012-01-11 01:35:23 +0000,,src/tashi/clustermanager/clustermanagerservice.py;src/tashi/nodemanager/nodemanagerservice.py,7;8,2;2
76717a11ef1049b6c4a2d70b711955e822794542,Michael Stroucken,2012-01-11 01:31:46 +0000,,src/tashi/accounting/accountingservice.py;src/tashi/nodemanager/vmcontrol/qemu.py,11;2,4;2
079116967138bab632433661472f647c96dfd03b,Michael Stroucken,2012-01-10 23:40:06 +0000,,src/tashi/accounting/accounting.py;src/tashi/accounting/accountingservice.py;src/tashi/clustermanager/clustermanagerservice.py;src/tashi/nodemanager/nodemanagerservice.py,0;8;14;18,1;4;4;6
795ebf29fad64e44f28cd6f2def15471f1a022de,Michael Stroucken,2012-01-09 19:11:03 +0000,,src/tashi/clustermanager/clustermanagerservice.py,10,5
4eb4b782667b58a1acf0e72bd9e0294046fe8f68,Michael Stroucken,2012-01-06 20:52:32 +0000,,src/tashi/clustermanager/clustermanagerservice.py;src/tashi/nodemanager/nodemanagerservice.py;src/tashi/nodemanager/vmcontrol/qemu.py,0;17;3,1;5;2
14a3d553188ffd90a55be87c736d3a89c3e5fdcb,Michael Stroucken,2012-01-06 15:57:07 +0000,,src/tashi/nodemanager/nodemanagerservice.py,11,9
2d8558dc569ca1e9f86f209bdf8adb01ba279360,Michael Stroucken,2012-01-06 02:01:14 +0000,,src/tashi/accounting/accountingservice.py,57,0
ce41be3dd36b98035b307ec021ed11927b5010b2,Michael Stroucken,2012-01-06 00:26:26 +0000,,src/tashi/accounting/__init__.py;src/tashi/accounting/accounting.py;src/tashi/clustermanager/clustermanagerservice.py;src/tashi/nodemanager/nodemanagerservice.py;src/tashi/rpycservices/rpycservices.py,18;42;12;13;7,0;15;4;5;1
a9041486b23e656465c2e4ec19bfc9277f1ffa34,Michael Stroucken,2012-01-02 05:37:50 +0000,,src/tashi/clustermanager/clustermanagerservice.py;src/tashi/nodemanager/nodemanagerservice.py,11;1,7;0
c24eb832b01c5a381164101f56168a2eca2b57eb,Michael Stroucken,2012-01-02 03:03:21 +0000,,src/tashi/rpycservices/rpycservices.py;src/zoni/services/rpycservices.py,2;2,2;2
1113be31c647541105f07677c5e0bbb86a6b1763,Michael Stroucken,2012-01-02 03:03:21 +0000,,src/tashi/rpycservices/rpycservices.py;src/zoni/services/rpycservices.py,2;2,2;2
f3e6707347fec61c574dc458405dd3091519ad33,Michael Stroucken,2012-01-01 03:33:04 +0000,,src/tashi/clustermanager/clustermanagerservice.py;src/tashi/nodemanager/vmcontrol/qemu.py,3;13,2;8
e32061fed1c2e5ceee24018b1b52f5ca6a40cb75,Michael Stroucken,2012-01-01 01:51:40 +0000,,src/tashi/clustermanager/clustermanager.py;src/tashi/nodemanager/vmcontrol/qemu.py;src/tashi/nodemanager/vmcontrol/xenpv.py,4;1;5,0;1;9
c446863b4c43d6f2b8504494eb797afee7802628,Michael Stroucken,2012-01-01 01:51:40 +0000,,src/tashi/clustermanager/clustermanager.py;src/tashi/nodemanager/nodemanagerservice.py;src/tashi/nodemanager/vmcontrol/qemu.py;src/tashi/nodemanager/vmcontrol/xenpv.py,4;2;3;5,0;1;3;9
074db1e6e62dd907ec9c9f0c8eb87389727d4c1c,Michael Stroucken,2011-12-31 21:09:11 +0000,,src/tashi/nodemanager/vmcontrol/qemu.py,131,61
2138b7bbb2d934069a88f985f1d53917ec467f2a,Michael Stroucken,2011-12-31 05:54:53 +0000,,src/tashi/nodemanager/vmcontrol/qemu.py,154,102
66d8d7c1b0b48cb940d8f844306f5cf23177b144,Michael Stroucken,2011-12-30 06:27:45 +0000,,src/tashi/nodemanager/vmcontrol/qemu.py,26,4
97d6a3321b3876ae2b4b81ccb2678f10abd79336,Michael Stroucken,2011-12-29 02:34:10 +0000,,src/tashi/clustermanager/clustermanagerservice.py;src/tashi/nodemanager/nodemanagerservice.py,2;4,2;4
25351dece10a8a24e68e1d599466f5971b9a3686,Michael Stroucken,2011-12-28 02:48:46 +0000,,src/tashi/nodemanager/nodemanagerservice.py,1,1
6ee553924c753894993c49e68ce6ef37582a928a,Michael Stroucken,2011-12-28 02:38:40 +0000,,src/tashi/nodemanager/nodemanagerservice.py;src/tashi/version.py,107;0,41;1
458f345532d693d3c68be36fda7dc5c51e016305,Michael Stroucken,2011-12-24 08:19:34 +0000,,src/tashi/nodemanager/nodemanagerservice.py,13,11
350b6aeda3990ff36416f62ea0cff1a46a0cafc5,Michael Stroucken,2011-12-24 05:43:13 +0000,,src/tashi/nodemanager/nodemanagerservice.py,122,162
59bff47e9fd86d5b3f29954970ed1d852c2fc597,Michael Stroucken,2011-12-22 05:54:28 +0000,,src/tashi/nodemanager/nodemanagerservice.py,25,0
1341222d7a89af62e361a83ddfb61fa556864fbf,Michael Stroucken,2011-12-22 03:00:13 +0000,,src/tashi/clustermanager/clustermanagerservice.py,114,41
be70cbbdcf62657b70c68b425f6274eac4fc75d0,Michael Stroucken,2011-12-21 23:54:26 +0000,,src/tashi/version.py,1,0
614b3fd696c2efb5a3d39736bfa2d930205a4ba2,Michael Stroucken,2011-12-21 23:52:28 +0000,,src/tashi/accounting/accounting.py;src/tashi/clustermanager/clustermanagerservice.py,76;3,0;3
5ea014e55284f5b51d0e2aa7ffbf1ad6466369e4,Michael Stroucken,2011-12-20 23:44:28 +0000,,src/tashi/accounting/accounting.py;src/tashi/clustermanager/clustermanagerservice.py,76;3,0;3
77c5c8fc6b2e70357cd57b183905b062b0d5d581,Michael Stroucken,2011-11-22 21:12:03 +0000,,src/tashi/clustermanager/data/sql.py,15,1
a4b86b838570168fc8a24b338175eee09a56c596,Michael Stroucken,2011-11-18 20:48:09 +0000,,src/tashi/clustermanager/clustermanagerservice.py;src/tashi/nodemanager/nodemanagerservice.py;src/tashi/nodemanager/vmcontrol/qemu.py,5;6;5,0;0;3
5da9cacd45fcd249926c9996844ff41df3ed08ca,Richard Gass,2011-11-15 14:44:26 +0000,,src/tashi/client/tashi-client.py;src/tashi/clustermanager/data/getentoverride.py;src/tashi/rpycservices/rpyctypes.py;src/tashi/util.py,1;2;3;9,1;2;0;0
db346a7fe667db206a7a825cddefe6f7e586c53e,Richard Gass,2011-11-10 01:03:16 +0000,,src/tashi/agents/primitive.py,15,1
1d95ab4f9205b470a0ae4e93cfb8dac59357c4ca,Richard Gass,2011-11-09 23:54:36 +0000,,src/tashi/client/tashi-client.py;src/tashi/clustermanager/clustermanagerservice.py;src/tashi/clustermanager/data/datainterface.py;src/tashi/clustermanager/data/getentoverride.py;src/tashi/clustermanager/data/ldapoverride.py;src/tashi/rpycservices/rpycservices.py;src/tashi/rpycservices/rpyctypes.py,9;23;1;15;1;1;31,0;5;1;1;1;1;0
f04d7bba898ffa04504c90bdf5417ce43d764380,Richard Gass,2011-11-03 15:15:09 +0000,,src/tashi/agents/primitive.py,2,2
6afa916d1dd5075740b457445843b113347f257d,Richard Gass,2011-10-30 02:40:55 +0000,,src/tashi/agents/primitive.py,42,10
b33e25031dc1b96e4184e88da63bb23910de50ca,Richard Gass,2011-10-29 22:46:25 +0000,,src/tashi/agents/primitive.py,5,0
d45f67972d1ab9db8bd6e8f5e769f402a925442c,Michael Stroucken,2011-10-22 17:46:45 +0000,,src/tashi/clustermanager/clustermanager.py;src/tashi/nodemanager/nodemanager.py;src/tashi/nodemanager/vmcontrol/qemu.py,1;1;2,1;1;1
3c0a5e1f90842bdaae9a4722a6cd809740e14f48,Michael Stroucken,2011-10-22 02:07:22 +0000,,src/tashi/clustermanager/clustermanagerservice.py,3,1
585ba5e6321b72311141f8599e4f7b0eb81ced95,Michael Stroucken,2011-10-22 01:28:43 +0000,,src/tashi/agents/primitive.py;src/tashi/client/tashi-client.py;src/tashi/clustermanager/clustermanagerservice.py;src/tashi/nodemanager/vmcontrol/qemu.py,7;42;5;2,1;15;1;1
76e1ec8f06f857e90f3e815b274e27c09eaa8066,Michael Stroucken,2011-10-21 19:09:22 +0000,,src/tashi/agents/dhcpdns.py;src/tashi/agents/primitive_zoni.py;src/tashi/clustermanager/clustermanager.py;src/tashi/nodemanager/nodemanager.py,9;0;2;2,6;272;2;2
37277acb1f21486381f72257f3c155977dfbc1ec,Michael Stroucken,2011-10-11 20:13:37 +0000,,src/tashi/agents/primitive.py,1,1
fc20769f9a41fa91f92ac740dcff070014b40205,Richard Gass,2011-10-09 01:11:58 +0000,,src/zoni/client/zoni-cli.py;src/zoni/data/resourcequerysql.py;src/zoni/hardware/dellswitch.py;src/zoni/install/db/zoniDbSetup.py,5;51;4;43,3;30;0;41
b4c97bda0c82c2c2716bab81a5ca2f523b63f499,Richard Gass,2011-10-07 22:44:39 +0000,,src/zoni/client/zoni-cli.py;src/zoni/data/resourcequerysql.py,4;52,1;23
cc3eeb25aa8708e4903d349e4a08ce1c050e8983,Richard Gass,2011-10-06 22:47:11 +0000,,src/zoni/bootstrap/pxe.py;src/zoni/client/zoni-cli.py;src/zoni/data/reservation.py;src/zoni/data/reservationmanagementinterface.py;src/zoni/data/resourcequerysql.py;src/zoni/data/usermanagement.py;src/zoni/extra/util.py,2;21;96;58;16;1;1,1;7;0;0;2;1;1
e1e3fa7fe1bdf6dd2e8a19ae0eb9ef279e12d506,Michael Stroucken,2011-10-06 04:21:18 +0000,,src/tashi/agents/primitive.py;src/tashi/client/tashi-client.py,7;42,1;15
b86ccc2388c2da2d549fcb7aebb2ade8b5cf8c77,Michael Stroucken,2011-10-02 00:49:08 +0000,,src/tashi/nodemanager/vmcontrol/qemu.py,14,7
98df63cf7147a6d95a60d3cd5314c55d47ed1e86,Richard Gass,2011-09-30 13:47:21 +0000,,src/tashi/agents/dhcpdns.py;src/tashi/agents/primitive_zoni.py;src/tashi/clustermanager/clustermanager.py;src/tashi/nodemanager/nodemanager.py;src/zoni/agents/dhcpdns.py;src/zoni/bootstrap/pxe.py;src/zoni/client/zoni-cli.py;src/zoni/data/resourcequerysql.py;src/zoni/data/usermanagement.py;src/zoni/extra/util.py;src/zoni/hardware/delldrac.py;src/zoni/hardware/dellswitch.py;src/zoni/hardware/hpilo.py;src/zoni/hardware/hwswitchinterface.py;src/zoni/hardware/ipmi.py;src/zoni/hardware/raritanpdu.py;src/zoni/hardware/systemmanagement.py;src/zoni/hardware/systemmanagementinterface.py;src/zoni/install/db/zoniDbSetup.py;src/zoni/install/dnsdhcp/zoniDnsDhcpSetup.py;src/zoni/install/pxe/zoniPxeSetup.py;src/zoni/install/www/zoniWebSetup.py;src/zoni/services/__init__.py;src/zoni/services/pcvciservice.py;src/zoni/services/rpycservices.py;src/zoni/services/zonimanager.py,6;272;2;2;9;83;203;265;24;73;124;159;197;1;57;20;123;4;18;83;31;1;16;97;70;72,9;0;2;2;3;6;111;174;4;8;102;73;0;1;40;16;0;0;9;0;13;1;0;0;0;0
05f84c960974805c9d46a00454d972ebf2d95223,Michael Stroucken,2011-09-12 03:51:23 +0000,,src/tashi/client/tashi-client.py,28,8
600e096f80a2647f906cee0f885b88c907bab9f3,Michael Stroucken,2011-09-02 20:54:38 +0000,,src/tashi/agents/primitive.py;src/tashi/client/tashi-client.py;src/tashi/clustermanager/clustermanagerservice.py;src/tashi/clustermanager/data/sql.py;src/tashi/nodemanager/vmcontrol/qemu.py,1;2;34;5;6,0;2;16;1;0
c7cf2eaab7f5b313ef67f096239194251588b086,Michael Stroucken,2011-08-13 00:17:40 +0000,,src/tashi/rpycservices/rpycservices.py;src/tashi/rpycservices/rpyctypes.py,17;17,0;0
3af4eda8f8d4509b1e3724c6ee1dba14eb6dffa8,Michael Stroucken,2011-07-29 19:36:20 +0000,,src/tashi/agents/primitive.py,1,1
aedd95bcd47bf237e19d59ba59c029e144f3571d,Michael Stroucken,2011-07-27 18:52:27 +0000,,src/tashi/clustermanager/clustermanagerservice.py,2,1
6f1176e44384bb2df4b47125b7c3fb3d8b62741b,Michael Stroucken,2011-07-26 22:00:17 +0000,,src/zoni/hardware/f10s50switch.py,405,0
20b4b290407fa1ba8b5dd7640aad3e5af889742e,Michael Stroucken,2011-07-25 04:45:41 +0000,,src/tashi/clustermanager/clustermanagerservice.py,0,2
ac18d11bda7be00d18cca55ac5b6e5dad44247ee,Michael Stroucken,2011-07-25 04:42:11 +0000,,src/tashi/clustermanager/clustermanagerservice.py,206,169
bd78df2b442dd2f6ff54e1009ded25ba12e0ebd9,Michael Stroucken,2011-07-25 04:32:36 +0000,,src/tashi/rpycservices/rpycservices.py,1,3
c5f0fbfe8f8e63cbd09fee8b58b147c22e21daf3,Michael Stroucken,2011-07-25 04:30:46 +0000,,src/tashi/agents/primitive.py,24,14
8d88905efa1c4cee3ef21cff01b57f869ee3dc6f,Michael Stroucken,2011-07-25 04:27:59 +0000,,src/tashi/nodemanager/nodemanagerservice.py,5,0
3d4ebf7348bc1367c7d818d0af98f07a391ca7fd,Michael Stroucken,2011-07-25 04:27:24 +0000,,src/tashi/nodemanager/vmcontrol/vmcontrolinterface.py,4,0
10f3ad5e49001b81f2182248d78e7203760d161e,Michael Stroucken,2011-07-25 04:25:56 +0000,,src/tashi/clustermanager/data/sql.py,3,1
74644f795c5dbbce99a5e48f116d4157779132fb,Michael Stroucken,2011-07-25 04:24:14 +0000,,src/tashi/client/tashi-client.py,1,1
dc55f90f304a4c42c579f0f2f35e8d1f54a29a40,Michael Stroucken,2011-07-16 10:04:54 +0000,,src/tashi/agents/primitive.py;src/tashi/clustermanager/clustermanagerservice.py;src/tashi/clustermanager/data/sql.py;src/tashi/nodemanager/nodemanagerservice.py;src/tashi/nodemanager/vmcontrol/qemu.py;src/tashi/rpycservices/rpycservices.py,6;23;21;10;35;2,1;8;4;21;27;0
94248dced7ffbe05569676466f5af09be9a73d2b,Michael Stroucken,2011-05-24 21:16:14 +0000,,src/tashi/nodemanager/vmcontrol/qemu.py,1,1
9dd07605f3b9099c2c51fc69547578a1ba7ead58,Michael Stroucken,2011-05-17 22:58:01 +0000,,src/tashi/agents/primitive.py,1,0
aae08b97da486c5b96afd9253e47a95496ea0d7e,Michael Stroucken,2011-05-17 22:22:07 +0000,,src/tashi/nodemanager/vmcontrol/qemu.py,9,8
0cbfe8c88ea660a164293457ccef5f91ffb06a13,Michael Stroucken,2011-05-17 20:35:43 +0000,,src/tashi/clustermanager/data/sql.py;src/tashi/nodemanager/nodemanagerservice.py;src/tashi/rpycservices/rpycservices.py,1;16;1,0;8;1
5b8806c713dd0dfe2b5657c749b75fc6a5d63fd6,Michael Stroucken,2011-05-16 23:41:53 +0000,,src/tashi/agents/primitive.py,133,116
2997f903f5c243fd4874bac951af8aa451abd3f4,Michael Stroucken,2011-05-13 19:51:52 +0000,,src/tashi/agents/primitive.py,1,1
dac155f593d93b98ca5a7bd4e98207fd710c06d5,Michael Stroucken,2011-05-13 04:19:48 +0000,,src/tashi/nodemanager/nodemanagerservice.py,0,1
eeb4741a966edb426338f42585fc183289c1213a,Michael Stroucken,2011-05-13 04:10:54 +0000,,src/tashi/nodemanager/nodemanagerservice.py,25,2
841324933542fd1481ad716c1bcf22e066483b09,Michael Stroucken,2011-05-05 15:28:21 +0000,,src/tashi/agents/primitive.py,9,7
7c9882844a4c74d953d876c227e48a90f686906c,Michael Stroucken,2011-04-04 22:29:35 +0000,,src/tashi/agents/primitive.py,7,2
933ed5970cb063b50dab437bbbc5cba8c81fd551,Michael Stroucken,2011-03-25 04:44:28 +0000,,src/tashi/nodemanager/vmcontrol/qemu.py,5,2
e39b837eb1cabf26fd22f8e908af122612d9b729,Michael Stroucken,2011-03-22 15:53:07 +0000,,src/tashi/nodemanager/nodemanagerservice.py,1,1
0a88d1a304fa9e4eefaa78e84b57a7a1c9b04e7a,Michael Stroucken,2011-03-19 04:55:50 +0000,,src/tashi/agents/primitive.py,56,38
fc8ff2408f1c22085006ff54cdebdfb361d5fe49,Michael Stroucken,2011-03-19 03:10:58 +0000,,src/tashi/agents/primitive.py,30,23
edf321c782f7f58e6599ced4ea00401cb19289a4,Michael Stroucken,2011-03-19 02:33:03 +0000,,src/tashi/agents/primitive.py,25,3
3756ac7b4f80f022a60ce0f9136f962934d3d5aa,Michael Stroucken,2011-03-17 01:30:06 +0000,,src/tashi/clustermanager/data/fromconfig.py;src/tashi/nodemanager/nodemanager.py;src/tashi/nodemanager/nodemanagerservice.py;src/tashi/nodemanager/vmcontrol/qemu.py,1;1;1;58,0;1;2;1
ffc800310ca0168933165e2ef913397c81aed56a,Michael Stroucken,2011-02-19 04:34:36 +0000,,src/tashi/nodemanager/nodemanagerservice.py,1,1
55e6d20fa8a1386ed95a008c38043d9218004c78,Michael Stroucken,2011-02-18 21:22:09 +0000,,src/tashi/nodemanager/vmcontrol/qemu.py,2,2
22b1f09267a7ddbc29ca0fe68ee3774f0e7422b2,Michael Stroucken,2011-01-13 00:09:33 +0000,,src/tashi/clustermanager/clustermanagerservice.py,3,1
0d19ad1d48dce31fe351e81cc98602eafee7a8a5,Michael Stroucken,2011-01-13 00:09:29 +0000,,src/tashi/client/tashi-client.py;src/tashi/clustermanager/clustermanagerservice.py;src/tashi/clustermanager/data/sql.py,6;21;21,1;7;7
c7f18bb28e6ea47ed3cae7fade4537b15408df19,Michael Stroucken,2010-12-12 18:45:48 +0000,,src/tashi/nodemanager/vmcontrol/qemu.py,15,3
bbc631a53dbe80404b1b63d386ef031eae650ace,Michael Stroucken,2010-12-09 05:11:36 +0000,,src/tashi/clustermanager/clustermanagerservice.py,1,1
05e36a8a3bacf36a5cd4b1b4a63ccb3f45c7efde,Michael Stroucken,2010-12-09 02:41:36 +0000,,src/tashi/client/tashi-client.py;src/tashi/clustermanager/clustermanagerservice.py;src/tashi/clustermanager/data/datainterface.py;src/tashi/clustermanager/data/fromconfig.py;src/tashi/clustermanager/data/getentoverride.py;src/tashi/clustermanager/data/ldapoverride.py;src/tashi/clustermanager/data/pickled.py;src/tashi/clustermanager/data/sql.py;src/tashi/nodemanager/nodemanagerservice.py,6;14;6;94;7;7;3;60;13,2;1;0;2;0;0;0;0;1
1dc55a83a1b3cb5d4c9fa659b82d705af4b1419b,Michael Stroucken,2010-11-24 21:37:33 +0000,,src/tashi/clustermanager/clustermanagerservice.py;src/tashi/nodemanager/nodemanagerservice.py;src/tashi/rpycservices/rpycservices.py,3;3;1,0;1;1
c8c1bbdffbbad5c651d29e1c2fb210f64e673933,Richard Gass,2010-11-11 19:56:30 +0000,,src/zoni/client/zoni-cli.py;src/zoni/data/infostore.py;src/zoni/data/resourcequerysql.py;src/zoni/extra/util.py;src/zoni/hardware/dellswitch.py;src/zoni/hardware/raritanpdu.py;src/zoni/install/db/zoniDbSetup.py,120;29;289;8;20;31;72,61;0;176;1;2;7;28
a752e9c8b1393df86abfa1ad318dd0193094fb44,Michael Stroucken,2010-11-10 21:06:55 +0000,,src/tashi/nodemanager/vmcontrol/xenpv.py,0,1
d6644abb8b2f5720d332a109c8b31704afe3ce4e,Michael Stroucken,2010-11-10 21:05:32 +0000,,src/tashi/nodemanager/vmcontrol/xenpv.py,1,0
5b0f0c1b4cc6b4cfce6f2f91349f19e79082fd98,Michael Stroucken,2010-11-10 20:00:48 +0000,,src/tashi/nodemanager/vmcontrol/xenpv.py,2,2
2e17f73d2a59c388c3de71e7bccdf19c09e1b3d4,Michael Stroucken,2010-11-10 20:00:43 +0000,,src/tashi/nodemanager/vmcontrol/xenpv.py,5,5
a28bc0a745d3ac2fe8e93675c9ac568dccd942d9,Michael Stroucken,2010-11-10 19:30:34 +0000,,src/tashi/nodemanager/vmcontrol/xenpv.py,10,2
fb34bba03170ff81c995766bee4718a73bc11d99,Richard Gass,2010-10-29 16:57:07 +0000,,src/zoni/extra/util.py;src/zoni/install/db/zoniDbSetup.py;src/zoni/install/pxe/zoniPxeSetup.py;src/zoni/install/www/zoniWebSetup.py,24;4;3;3,27;4;3;3
591af74354236372853101f23b03af1fe8aaf0c5,Richard Gass,2010-10-29 16:20:48 +0000,,src/zoni/client/zoni-cli.py;src/zoni/extra/util.py;src/zoni/hardware/dellswitch.py;src/zoni/hardware/hpswitch.py,22;27;31;225,18;24;30;240
39911334765a202f24313f50656174b68d049bb0,Richard Gass,2010-10-28 20:37:52 +0000,,src/zoni/client/zoni-cli.py;src/zoni/data/resourcequerysql.py;src/zoni/hardware/hwswitchinterface.py;src/zoni/hardware/raritanpdu.py;src/zoni/hardware/systemmanagementinterface.py;src/zoni/install/db/zoniDbSetup.py;src/zoni/install/www/zoniWebSetup.py,162;81;3;96;4;131;151,1;34;0;16;0;12;0
f2cc86517e6c5585938bae8b07beb05888493724,Richard Gass,2010-10-15 21:09:21 +0000,,src/zoni/extra/util.py,64,17
295e736d7f02865bee9ee64f55e67025111311cc,Richard Gass,2010-10-15 21:04:40 +0000,,src/zoni/agents/dhcpdns.py,61,15
5b4e2183ca7923e48b01255f234a1191efe215fe,Richard Gass,2010-10-07 19:12:50 +0000,,src/zoni/hardware/raritanpdu.py,22,5
6a891e29af083614a622241253bcef5fc252f75c,Michael Stroucken,2010-09-28 22:40:19 +0000,,src/tashi/nodemanager/vmcontrol/qemu.py,1,1
890280b176327cc1d5797b32265840b81dbd903a,Michael Stroucken,2010-09-27 23:28:22 +0000,,src/tashi/clustermanager/data/sql.py,4,0
11e33a48cadc74246f92468f5aeb93531d10348f,Richard Gass,2010-08-19 18:24:48 +0000,,src/zoni/extra/util.py,5,0
cdaba29df378532d73b1f5a5ee593631882c7ceb,Richard Gass,2010-08-10 19:04:43 +0000,,src/tashi/nodemanager/vmcontrol/qemu.py,20,2
524faa474fb0f9b8a1441d720332f8f2dc4d5cc0,Michael Stroucken,2010-08-09 23:10:06 +0000,,src/zoni/hardware/apcswitchedrackpdu.py,104,0
bcc5aeb9ad113fdf78dfc0b528f32b23943a9d29,Richard Gass,2010-08-06 18:46:49 +0000,,src/zoni/bootstrap/pxe.py;src/zoni/client/zoni-cli.py;src/zoni/extra/util.py;src/zoni/hardware/raritanpdu.py;src/zoni/install/pxe/zoniPxeSetup.py,2;2;15;4;174,2;1;7;0;0
61828cfb7764783aec1afb89480111fefcd9cf69,Richard Gass,2010-07-26 16:03:20 +0000,,src/zoni/client/zoni-cli.py,4,4
7da858549cc21834d7de30e43602ad41b2310c98,Richard Gass,2010-07-15 20:59:18 +0000,,src/zoni/data/resourcequerysql.py;src/zoni/extra/__init__.py;src/zoni/extra/util.py;src/zoni/version.py,1;20;22;3,30;0;0;3
26ea4225ecb33fcbdea4876170ab9a16f12fcf96,Richard Gass,2010-07-15 15:31:02 +0000,,src/zoni/__init__.py;src/zoni/agents/__init__.py;src/zoni/agents/dhcpdns.py;src/zoni/bootstrap/__init__.py;src/zoni/bootstrap/bootstrapinterface.py;src/zoni/bootstrap/pxe.py;src/zoni/client/__init__.py;src/zoni/client/zoni-cli.py;src/zoni/data/__init__.py;src/zoni/data/infostore.py;src/zoni/data/resourcequerysql.py;src/zoni/data/usermanagement.py;src/zoni/data/usermanagementinterface.py;src/zoni/extra/util.py;src/zoni/hardware/__init__.py;src/zoni/hardware/delldrac.py;src/zoni/hardware/hpswitch.py;src/zoni/hardware/hwswitchinterface.py;src/zoni/hardware/ipmi.py;src/zoni/hardware/raritanpdu.py;src/zoni/hardware/systemmanagementinterface.py;src/zoni/version.py,20;20;229;20;35;100;20;492;20;58;964;121;42;94;20;207;277;65;105;121;64;24,0;0;0;0;0;0;0;0;0;0;0;0;0;0;0;0;0;0;0;0;0;0
6cf646f9b6f4f439b20fa537c0d3f5a5ad837b9d,Michael Stroucken,2010-07-06 00:42:56 +0000,,src/tashi/clustermanager/clustermanagerservice.py;src/tashi/clustermanager/data/sql.py;src/tashi/nodemanager/vmcontrol/xenpv.py,2;1;8,0;1;8
47ecdfa1a5ef44964fdc66df1075ef60f5fce08e,Michael Stroucken,2010-07-06 00:30:57 +0000,,src/tashi/version.py,1,1
bba03ecb85fb14f6a32c36066f7089147fa29c98,Michael Stroucken,2010-07-06 00:30:54 +0000,,src/tashi/nodemanager/vmcontrol/xenpv.py,123,75
e4a5db0edc6e5f5f0ca70c91ebe9995687609aa4,Michael Stroucken,2010-07-06 00:30:49 +0000,,src/tashi/agents/dhcpdns.py;src/tashi/aws/soap.py;src/tashi/client/tashi-client.py;src/tashi/messaging/gangliapublisher.py;src/tashi/nodemanager/vmcontrol/qemu.py;src/tashi/nodemanager/vmcontrol/xenpv.py;src/tashi/util.py,2;1;1;1;1;2;1,0;0;0;0;0;0;0
5202a4e9bdb102af5e0a9d10f39ebab7e32f0f79,Michael Stroucken,2010-05-26 00:12:48 +0000,,src/tashi/nodemanager/vmcontrol/xenpv.py,5,5
fb0bae5d70454ea2f2ad6cbc288d9e3d9df01571,Michael Stroucken,2010-05-26 00:12:44 +0000,,src/tashi/nodemanager/vmcontrol/xenpv.py,1,1
b556f8badc138a531b1bf0c7f02e4b0ef8f16385,Michael Stroucken,2010-04-21 04:52:59 +0000,,src/tashi/dfs/vfs.py;src/tashi/nodemanager/nodemanagerservice.py,18;1,16;0
60aea1ff2a4364dfe44112eed23bcd1dcb45dfdc,Michael Stroucken,2010-04-14 23:59:27 +0000,,src/tashi/agents/dhcpdns.py,1,1
65db1f9ae70ef7ab5da77f257c9d29027a961e22,Michael Stroucken,2010-02-01 16:36:35 +0000,,src/tashi/agents/primitive.py;src/tashi/rpycservices/rpyctypes.py,13;3,2;0
7f3bbfe314d2bf6659ed23950341e0c3aa5857d2,Michael Stroucken,2010-01-28 20:38:36 +0000,,src/tashi/nodemanager/vmcontrol/qemu.py,10,9
755b82800437f0c1aa7d916d01a687a11a6604b5,Michael Ryan,2010-01-27 06:00:12 +0000,,src/tashi/agents/dhcpdns.py,1,1
789e30afb7e63c260c24ae2218c329e5fa6a0d86,Michael Stroucken,2010-01-05 23:59:52 +0000,,src/tashi/nodemanager/vmcontrol/xenpv.py,10,5
7f057cbc8b1d97e97fbfd76e0401ca69a466f468,Michael Stroucken,2010-01-05 21:38:45 +0000,,src/utils/nmd.py,116,0
bdaaad94660c61ae003d990998842ff5f01f9eea,Michael Ryan,2009-12-16 21:56:14 +0000,,src/tashi/agents/dhcpdns.py,4,0
f1d3ea524aec208c302bc08b8d1f6c14a7b69fd6,Michael Ryan,2009-12-16 21:52:08 +0000,,src/tashi/agents/primitive.py,5,2
dd921fff4edb866784eab928ce21854e5afe95f1,Michael Stroucken,2009-12-04 21:38:24 +0000,,src/tashi/aws/impl/address.py;src/tashi/aws/impl/images.py;src/tashi/aws/impl/instances.py;src/tashi/aws/impl/keys.py;src/tashi/aws/impl/monitor.py;src/tashi/aws/impl/other.py;src/tashi/aws/impl/security.py;src/tashi/aws/impl/volume.py;src/tashi/aws/util.py;src/tashi/rpycservices/rpyctypes.py,58;119;3;51;12;12;98;2;9;178,9;11;2;9;2;2;9;0;6;0
0ff6eb970642f9b7ca432209cb2ec62134d4a514,Michael Ryan,2009-09-23 19:03:45 +0000,,src/tashi/client/tashi-client.py,2,2
33a931d1e138f6edad2ed824f53ccc609a9e328a,Michael Ryan,2009-09-23 19:01:46 +0000,,src/tashi/nodemanager/vmcontrol/qemu.py,11,0
3d6fa40b2fe64cd05bd26c3a73eacc19401c8342,Michael Ryan,2009-09-23 19:01:06 +0000,,src/tashi/nodemanager/vmcontrol/qemu.py,1,2
b3c98d66706cfd22957c5dfb8c9ff3e328bc19c1,Michael Ryan,2009-09-23 18:53:56 +0000,,src/tashi/rpycservices/rpyctypes.py,3,0
0de8e4937ebb556f247574aa654638788c9bbbd9,Michael Ryan,2009-09-23 18:53:04 +0000,,src/tashi/agents/primitive.py,5,1
c1a93dee39d983ea0fa012c557d6ee797e391450,Michael Ryan,2009-08-19 18:03:58 +0000,,src/tashi/nodemanager/nodemanagerservice.py,5,2
1b7dcd63fee447672263d8df1eea1cc2c6e241d0,Michael Ryan,2009-08-14 18:18:28 +0000,,src/tashi/agents/dhcpdns.py,47,26
25684556380553b167dd85e10146877dc18ea3e1,Michael Ryan,2009-08-14 18:14:29 +0000,,src/tashi/aws/__init__.py;src/tashi/aws/impl/__init__.py;src/tashi/aws/impl/address.py;src/tashi/aws/impl/bundle.py;src/tashi/aws/impl/images.py;src/tashi/aws/impl/instances.py;src/tashi/aws/impl/keys.py;src/tashi/aws/impl/location.py;src/tashi/aws/impl/monitor.py;src/tashi/aws/impl/other.py;src/tashi/aws/impl/reservation.py;src/tashi/aws/impl/security.py;src/tashi/aws/impl/volume.py;src/tashi/aws/query.py;src/tashi/aws/soap.py;src/tashi/aws/trans.py;src/tashi/aws/util.py;src/tashi/aws/wsdl/__init__.py,16;16;35;29;69;164;37;43;26;23;29;40;44;88;101;67;123;16,0;0;0;0;0;0;0;0;0;0;0;0;0;0;0;0;0;0
cb39099f457d3a85fd4f391286594a40631941cd,Michael Ryan,2009-07-23 21:53:30 +0000,,src/tashi/clustermanager/data/sql.py,7,9
73b64f47fcfb92e60851ad99f130cb8e35cd1752,Michael Ryan,2009-07-23 21:52:50 +0000,,src/tashi/rpycservices/rpycservices.py,1,1
dafa9b3102ee93371c3618ae2fce496c95388023,Michael Ryan,2009-07-20 19:13:21 +0000,,src/tashi/client/tashi-client.py,25,2
5181149d8caff28b986511dbf3701bc0aaa05eef,Michael Ryan,2009-07-20 16:41:15 +0000,,src/tashi/agents/dhcpdns.py;src/tashi/agents/instancehook.py;src/tashi/agents/primitive.py;src/tashi/client/tashi-client.py;src/tashi/clustermanager/clustermanager.py;src/tashi/clustermanager/clustermanagerservice.py;src/tashi/clustermanager/data/fromconfig.py;src/tashi/clustermanager/data/getentoverride.py;src/tashi/clustermanager/data/ldapoverride.py;src/tashi/clustermanager/data/pickled.py;src/tashi/clustermanager/data/sql.py;src/tashi/connectionmanager.py;src/tashi/nodemanager/nodemanager.py;src/tashi/nodemanager/nodemanagerservice.py;src/tashi/nodemanager/vmcontrol/qemu.py;src/tashi/nodemanager/vmcontrol/xenpv.py;src/tashi/rpycservices/__init__.py;src/tashi/rpycservices/rpycservices.py;src/tashi/rpycservices/rpyctypes.py;src/tashi/util.py,1;1;5;7;22;9;2;1;1;1;4;8;18;14;1;2;18;100;247;17,1;2;17;11;8;25;2;1;1;1;4;36;7;23;1;2;0;0;0;14
40354d4175610fc4c4110fef2e669a905f19db2a,Michael Ryan,2009-07-10 15:31:01 +0000,,src/tashi/nodemanager/vmcontrol/xenpv.py,67,18
57b6382e8da571a63d7b4b10bed6c64d751b68bf,Michael Ryan,2009-07-09 20:18:51 +0000,,src/tashi/clustermanager/clustermanagerservice.py,6,5
9c806e808516cc565a1c96b5cf0202575339dc40,Michael Ryan,2009-07-09 13:33:25 +0000,,src/tashi/agents/dhcpdns.py,9,3
5af979ace64ec47c027ba2735bcfda4ae6a1dce3,Michael Ryan,2009-07-08 20:35:33 +0000,,src/tashi/clustermanager/data/sql.py,23,10
a4821b759a738d883ca20e897796aed0fc8aec83,Michael Ryan,2009-07-08 20:17:09 +0000,,src/tashi/nodemanager/nodemanagerservice.py,2,0
d281d2fcd31b1f45e4396ea1ab96170902670b66,Michael Ryan,2009-07-08 20:15:36 +0000,,src/tashi/agents/mauiwiki.py;src/tashi/agents/primitive.py,467;1,0;1
e5ba51c5f6a1e424e768cacf0ac51bb2cf1ed77b,Michael Ryan,2009-07-08 18:49:08 +0000,,src/tashi/agents/dhcpdns.py,8,2
96b9f94d33d0a860a78cf26c8c732600882e1070,Michael Ryan,2009-07-08 18:36:15 +0000,,src/tashi/clustermanager/data/sql.py,1,1
678cd599d0babe4165b884c07c81b82d4fc89bb9,Michael Ryan,2009-07-08 18:33:16 +0000,,src/tashi/client/tashi-client.py,8,2
bd34c8731018ff5e8fc0471408dda4bb37ac1ccf,Michael Ryan,2009-06-17 16:55:32 +0000,,src/tashi/agents/dhcpdns.py;src/tashi/client/tashi-client.py;src/tashi/clustermanager/clustermanagerservice.py,67;18;5,32;7;0
48cd9ba050f833b3cb47239e8071821dc9369776,Michael Ryan,2009-06-16 17:44:32 +0000,,src/tashi/nodemanager/vmcontrol/qemu.py,8,4
d6a05372d61eef37969688f116275890086c39d2,Michael Ryan,2009-06-04 18:33:12 +0000,,src/tashi/nodemanager/nodemanagerservice.py,20,1
f902abf9e83b09c14c8d134bc180043f2146811c,Michael Ryan,2009-06-04 18:11:57 +0000,,src/tashi/__init__.py;src/tashi/agents/primitive.py;src/tashi/clustermanager/clustermanager.py;src/tashi/clustermanager/clustermanagerservice.py;src/tashi/messaging/__init__.py;src/tashi/messaging/gangliapublisher.py;src/tashi/nodemanager/__init__.py;src/tashi/nodemanager/nodemanager.py,0;3;3;0;2;64;0;3,1;0;8;4;0;0;1;5
a1fc6a9c7eb38f335347e0fbed0c192fa6b84db1,Michael Ryan,2009-06-04 17:53:41 +0000,,src/tashi/nodemanager/vmcontrol/qemu.py,2,2
b0d96ef323b70b8a2855b84c740b427531c5e924,Michael Ryan,2009-05-25 19:49:54 +0000,,src/tashi/nodemanager/nodemanagerservice.py,7,7
1c1d76c7a8395327f101b1c56a7268decea99414,Michael Ryan,2009-05-25 19:43:05 +0000,,src/tashi/nodemanager/nodemanager.py,3,3
ab5d8e7aee451ad493a837fa3c862614050ffe91,Michael Ryan,2009-05-25 19:39:13 +0000,,src/tashi/clustermanager/clustermanagerservice.py,6,1
56366c9ead1f344957fd236c0ade3276b241a603,Michael Ryan,2009-05-25 19:33:05 +0000,,src/tashi/agents/primitive.py,22,19
16ac43c645d79247a7ce63e7f33cb37ea8ecbd06,Michael Ryan,2009-05-25 19:31:35 +0000,,src/tashi/clustermanager/clustermanager.py,1,1
9cb42655c8853bba4c96e65ce79427b97b0a912d,Michael Ryan,2009-05-25 19:26:30 +0000,,src/tashi/nodemanager/vmcontrol/qemu.py,0,10
71a9355785cbc77a744eae5017cbd2bf0e01be0f,Michael Ryan,2009-05-25 19:24:10 +0000,,src/tashi/agents/primitive.py;src/tashi/client/tashi-client.py;src/tashi/clustermanager/clustermanager.py;src/tashi/clustermanager/clustermanagerservice.py;src/tashi/nodemanager/nodemanagerservice.py;src/tashi/nodemanager/vmcontrol/qemu.py;src/tashi/nodemanager/vmcontrol/vmcontrolinterface.py;src/tashi/nodemanager/vmcontrol/xenpv.py,3;6;2;26;27;28;7;3,2;6;1;17;8;29;3;1
543b20b426af84f61cd441b9c5c2e8cd93f726e0,Michael Ryan,2009-05-25 19:09:06 +0000,,src/tashi/nodemanager/vmcontrol/xenpv.py,2,1
4728be9d6c8d268362bf139cd3ccae0c033a9b25,Michael Ryan,2009-05-25 19:05:41 +0000,,src/tashi/nodemanager/vmcontrol/qemu.py;src/tashi/nodemanager/vmcontrol/vmcontrolinterface.py,71;5,1;0
bb0db5af7b3ac45f1aa16253122e9faa59a8d218,Michael Ryan,2009-05-19 19:20:10 +0000,,src/tashi/nodemanager/nodemanagerservice.py;src/tashi/nodemanager/vmcontrol/qemu.py,3;2,3;2
ad4c9206343f1764be704308f753bf56fc18dad5,Michael Ryan,2009-05-07 21:16:11 +0000,,src/tashi/nodemanager/vmcontrol/qemu.py,7,1
12a90ef2a7c3d916cbcccd220861f59f20cc48a5,Michael Ryan,2009-05-07 19:10:07 +0000,,src/tashi/clustermanager/data/__init__.py;src/tashi/clustermanager/data/getentoverride.py;src/tashi/clustermanager/data/ldapoverride.py,2;93;106,0;0;0
e7f7af3e5f2e597799864fe39ed73917707edbd7,Michael Stroucken,2009-05-04 21:18:19 +0000,,src/tashi/nodemanager/nodemanagerservice.py;src/tashi/nodemanager/vmcontrol/qemu.py;src/tashi/nodemanager/vmcontrol/vmcontrolinterface.py;src/tashi/nodemanager/vmcontrol/xenpv.py,2;24;4;57,24;1;0;15
5ebecd988e5e53344e1399801a982277033db113,Michael Ryan,2009-04-29 18:29:41 +0000,,src/tashi/agents/dhcpdns.py,39,16
c5bfb532bc9648204185ab8e2b5368c26a2621f0,Michael Ryan,2009-04-28 14:34:06 +0000,,src/tashi/client/tashi-client.py,2,2
5fe8eee851e1e0b4a98b86e755d4a88a845abe7b,Michael Ryan,2009-04-28 14:32:08 +0000,,src/tashi/client/tashi-client.py,10,6
946b554d6a3c7fc15db7ba476fd93576f7008f33,Michael Ryan,2009-04-28 03:06:08 +0000,,src/tashi/client/tashi-client.py,99,59
5d4ec8e0f82580c500a60ade50ef4bc71322cefb,Michael Ryan,2009-04-21 18:56:45 +0000,,src/tashi/nodemanager/vmcontrol/qemu.py,13,4
e53bf39960fb632049debc809d28028dfa4910f8,Michael Ryan,2009-04-09 21:41:29 +0000,,src/tashi/__init__.py,1,0
1b9b30c242f0fd992ba20f11a06517599dd72f0e,Michael Ryan,2009-04-09 21:18:39 +0000,,src/tashi/clustermanager/clustermanagerservice.py;src/tashi/nodemanager/nodemanagerservice.py;src/tashi/util.py,0;5;1,1;14;1
7bbe1bc66d7448708fb744fc569e2ca67b55b637,Michael Ryan,2009-04-03 21:16:42 +0000,,src/tashi/nodemanager/vmcontrol/qemu.py,8,2
328e9c09b5eb045a02a4ce4cc4cddab485212572,Michael Ryan,2009-04-03 21:16:00 +0000,,src/tashi/agents/primitive.py,4,1
d0f46b7c9030855a1be5fe4274b8538c83135476,Michael Ryan,2009-04-03 20:40:54 +0000,,src/tashi/nodemanager/vmcontrol/qemu.py,2,2
51e759f887a69ef219cb9657d4cd552f4985bbb7,Michael Ryan,2009-03-16 19:25:26 +0000,,src/tashi/agents/primitive.py,22,8
7085ababb8b17fff5f5c346ec2e7f3fcd9a52887,Michael Ryan,2009-03-16 19:21:39 +0000,,src/tashi/nodemanager/vmcontrol/qemu.py,6,0
67e3197b3941ce47659ab49f8ea6797cee4197e3,Michael Ryan,2009-03-05 17:13:28 +0000,,src/tashi/agents/primitive.py,1,0
0809577571272fd1a3ecf710aee247f877312d2a,Michael Ryan,2009-03-05 17:12:08 +0000,,src/tashi/clustermanager/clustermanagerservice.py,1,1
98c579e550a362b7ef4ffc98087dea38a6b246ef,Michael Ryan,2009-03-04 20:13:11 +0000,,src/tashi/agents/primitive.py,0,0
ebfcded7c05b898939aeafd41c7f027ec792c685,Michael Ryan,2009-03-04 20:06:17 +0000,,src/tashi/agents/__init__.py;src/tashi/agents/instancehook.py;src/tashi/agents/primitive.py,2;33;121,0;0;0
b0e69bda9aa41e05d2c7f548448bbdefd297d1c8,Michael Ryan,2009-03-04 19:59:49 +0000,,src/tashi/client/tashi-client.py,15,1
62d22028a6585d4593323879748c0a466b79cc6f,Michael Ryan,2009-03-04 19:58:30 +0000,,src/tashi/nodemanager/vmcontrol/qemu.py;src/tashi/util.py,18;7,12;0
73a0bbf99dfb13973b1b18722c2f8cd5e5aa9d14,Michael Ryan,2009-03-04 19:56:48 +0000,,src/tashi/nodemanager/vmcontrol/qemu.py,6,43
c0a218b0f4cb862b02f6239761a1fa888a3ae131,Michael Ryan,2009-03-04 19:53:37 +0000,,src/tashi/nodemanager/vmcontrol/qemu.py,1,1
77c040fe8712bfd0c3421e65fab377e44943e4da,Michael Ryan,2009-03-04 19:44:00 +0000,,src/tashi/client/tashi-client.py;src/tashi/util.py,3;21,15;0
d35b90ed6c228d188c870316db644ea890ea3754,Michael Ryan,2009-03-04 19:37:07 +0000,,src/tashi/client/tashi-client.py,6,3
7d410612075d0bc7a3aee65d87ef2af0090014b8,Michael Ryan,2009-02-20 18:39:24 +0000,,src/tashi/clustermanager/data/__init__.py;src/tashi/clustermanager/data/sql.py,1;218,0;2
5a1655fe7c8c96b2a7e9f157a26422d60693fd7a,Michael Ryan,2009-02-20 18:37:59 +0000,,src/tashi/client/tashi-client.py;src/tashi/clustermanager/clustermanagerservice.py;src/tashi/clustermanager/data/datainterface.py;src/tashi/clustermanager/data/fromconfig.py;src/tashi/clustermanager/data/pickled.py;src/tashi/nodemanager/vmcontrol/qemu.py;src/tashi/nodemanager/vmcontrol/xenpv.py,11;28;0;0;3;4;5,22;21;6;12;7;5;6
5f2326fc8f2666593740ce2c2eeb6244419ba2b9,Michael Ryan,2009-02-20 18:36:14 +0000,,src/tashi/client/tashi-client.py;src/tashi/clustermanager/data/pickled.py;src/tashi/nodemanager/vmcontrol/qemu.py,2;2;1,2;0;1
ca0d85e68a7e0ee2130c654bb38e9c95b1de8f51,Michael Ryan,2009-02-20 18:33:19 +0000,,src/tashi/nodemanager/vmcontrol/qemu.py,30,9
770a68e7e3821d46004886d931d48d03e854d3ef,Michael Ryan,2009-02-17 18:53:40 +0000,,src/tashi/client/tashi-client.py;src/tashi/clustermanager/clustermanager.py;src/tashi/connectionmanager.py;src/tashi/nodemanager/nodemanager.py;src/tashi/nodemanager/vmcontrol/xenpv.py;src/tashi/parallel.py;src/tashi/util.py,1;34;4;2;44;241;18,1;34;4;2;44;241;18
beebfecb41ef05bfff2a6910a2e8cdec1021670d,Michael Ryan,2009-02-12 21:49:36 +0000,,src/tashi/client/tashi-client.py;src/tashi/clustermanager/clustermanagerservice.py;src/tashi/nodemanager/nodemanagerservice.py;src/tashi/nodemanager/vmcontrol/qemu.py;src/tashi/nodemanager/vmcontrol/vmcontrolinterface.py;src/tashi/util.py,52;45;1;49;1;13,51;44;1;38;1;1
767c29754eccc1d4d5afde3c798b8fae1e23e243,Michael Ryan,2009-02-12 21:26:58 +0000,,src/tashi/nodemanager/vmcontrol/xenpv.py,2,2
2e7b455240cd7754b25a58083a24fdb9267e19be,Michael Ryan,2009-02-12 21:20:03 +0000,,src/tashi/client/tashi-client.py;src/tashi/clustermanager/clustermanagerservice.py;src/tashi/nodemanager/nodemanagerservice.py;src/tashi/nodemanager/vmcontrol/qemu.py,3;11;4;41,0;0;0;4
feb8529fb32def96b8f38269556680fedf405212,Michael Ryan,2009-02-06 21:56:05 +0000,,src/tashi/client/tashi-client.py,59,8
553a0c4ffc35a1587b4af5f7b0bfb0cfd9f2d99b,Michael Ryan,2009-02-04 20:38:20 +0000,,src/tashi/client/tashi-client.py,399,0
4cb9830a395eb3e8e534b694d3fc8c2e2de727d3,Michael Ryan,2009-02-04 20:22:59 +0000,,src/tashi/__init__.py;src/tashi/clustermanager/clustermanagerservice.py;src/tashi/nodemanager/nodemanagerservice.py;src/tashi/version.py,1;7;2;18,0;1;1;0
8a5e7a0a990c76252c279de3879927072b9716f7,Michael Ryan,2009-02-04 20:16:52 +0000,,src/tashi/nodemanager/vmcontrol/qemu.py,2,1
6b3a4777826f4807203ceeb642f0205d2b7d97b2,Michael Ryan,2009-01-30 16:28:17 +0000,,src/tashi/nodemanager/vmcontrol/__init__.py;src/tashi/nodemanager/vmcontrol/xenpv.py,0;42,1;29
0e45ca844fdce9f2161b01beb846f81dcd7597ca,Michael Ryan,2009-01-22 16:43:28 +0000,,src/tashi/clustermanager/data/pickled.py,3,0
68f1d146dac06ba390984c295869962ca81464a5,Michael Ryan,2009-01-22 16:41:03 +0000,,src/tashi/nodemanager/vmcontrol/qemu.py,5,3
3948c6e9139dbeb149c6f8113686686066520512,Michael Ryan,2009-01-07 22:49:14 +0000,,src/tashi/clustermanager/clustermanagerservice.py,0,2
b768c2da9941630107c516709f67faf8576ab2c1,Michael Ryan,2008-12-08 17:28:35 +0000,,src/tashi/nodemanager/vmcontrol/qemu.py;src/tashi/util.py,2;6,2;1
b47c53ae2d437f3455412265599ea04114ccfc2a,Michael Ryan,2008-11-12 20:09:02 +0000,,src/tashi/__init__.py;src/tashi/agents/__init__.py;src/tashi/client/__init__.py;src/tashi/clustermanager/__init__.py;src/tashi/clustermanager/clustermanager.py;src/tashi/clustermanager/clustermanagerservice.py;src/tashi/clustermanager/data/__init__.py;src/tashi/clustermanager/data/datainterface.py;src/tashi/clustermanager/data/fromconfig.py;src/tashi/clustermanager/data/pickled.py;src/tashi/clustermanager/data/sql.py;src/tashi/connectionmanager.py;src/tashi/dfs/__init__.py;src/tashi/dfs/dfsinterface.py;src/tashi/dfs/vfs.py;src/tashi/messaging/__init__.py;src/tashi/nodemanager/__init__.py;src/tashi/nodemanager/nodemanager.py;src/tashi/nodemanager/nodemanagerservice.py;src/tashi/nodemanager/vmcontrol/__init__.py;src/tashi/nodemanager/vmcontrol/qemu.py;src/tashi/nodemanager/vmcontrol/vmcontrolinterface.py;src/tashi/nodemanager/vmcontrol/xenpv.py;src/tashi/parallel.py;src/tashi/util.py,19;17;17;18;76;463;20;71;170;73;29;63;19;55;76;17;24;64;282;21;489;81;354;300;244,0;0;0;0;0;0;0;0;0;0;0;0;0;0;0;0;0;0;0;0;0;0;0;0;0
